单词,中文释义(选填),音标(选填),音节拆分(选填),词根词缀(选填),语义推导(选填)
colour,vt.给......着⾊ n.⾊彩，颜⾊,/ˈkʌlə(r)/,col-our,,
black,adj.⿊⾊的 n.⿊⾊,/blæk/,black,,
white,adj.⽩⾊的 n.⽩⾊,/waɪt/,white,,
red,adj.红⾊的 n.红⾊,/red/,red,,
yellow,adj.⻩⾊的 n.⻩⾊,/ˈjeləʊ/,yel-low,,
blue,adj.蓝⾊的；忧郁的 n.蓝⾊,/bluː/,blue,,
green,adj.绿⾊的；未熟的；⽆经验的 n.绿⾊ ；绿⾊物品,/ɡriːn/,green,,
orange,n.橘⼦；橙；柑橘 adj.橙⾊的，橘⻩⾊ ，橙红⾊的,/ˈɒrɪndʒ/,or-ange,,
pink,n.粉红⾊ adj.粉红⾊的,/pɪŋk/,pink,,
brown,adj.褐⾊的；棕⾊的 n.褐⾊；棕⾊,/braʊn/,brown,,
purple,n.紫⾊ adj.紫⾊的,/ˈpɜːpl/,pur-ple,,
line,n.⾏；排；线；线条，（排列的）队 ．沿 ......形成⾏（或列排）,/laɪn/,line,,
circle,v.圈出n.圆形；圆圈 n.平⽅；正⽅形；四⽅形；⼴场 adj.正⽅,/ˈsɜːkl/,cir-cle,,
square,n.平方；正方形；四方形；广场 adj.正方形的；平方的；四方形的；成直角的 v.使成平方；与...一致 adv.成直角地,/skweə(r)/,square,,
big,adj.⼤的；⼤号的；年龄较⼤的,/bɪɡ/,big,,
small,adj.⼩的；⼩号的,/smɔːl/,small,,
straight,adj.直的；笔直的；正直的；率直的 adv.直；径直；直接;⽴即；笔直地；成直 线地,/streɪt/,straight,,
curly,adj.卷曲的；蜷缩的,/ˈkɜːli/,curl-y,,
round,adj.圆形的；环形的；球形的；⼗⾜的 adv.环绕；附近 prep.环绕；在......周围 n.圆；圆形物；巡回；回合 v.绕过；拐过 ；使成圆形,/raʊnd/,round,,
long,adj.（⻓度或距离）⻓的；⻓时间的 adv.⻓久地；始终 n.⻓时间；⻓期 v.渴望 ；盼望,/lɒŋ/,long,,
clothes,n.(pl.)⾐服；服装,/kləʊðz/,clothes,,
wear,v.穿（戴）着 n.⾐着；磨损,/weə(r)/,wear,,
coat,n.外套；⼤⾐；⽪⽑ v.给......穿上外⾐ ；覆盖,/kəʊt/,coat,,
jacket,n.夹克衫；夹克；短上⾐,/ˈdʒækɪt/,jack-et,,
shirt,n.（尤指男式）衬衫,/ʃɜːt/,shirt,,
T-shirt,n.T恤衫，短袖运动衫,/ˈtiː ʃɜːt/,T-shirt,,
sweater,n.⽑⾐；线⾐；（⻓袖）⽑线⾐，⽺⽑衫 ；套头衫；套头⽑⾐,/ˈswetə(r)/,sweat-er,,
dress,n.连⾐裙；⾐服 v.（给......）穿⾐服,/dres/,dress,,
skirt,n.⼥裙；裙⼦；半⾝裙；下摆；边缘 v.位 于......的边缘；绕着......⾛；避开,/skɜːt/,skirt,,
trousers,n.（⽤复数）⻓裤,/ˈtraʊzəz/,trou-sers,,
pants,n.⻓裤⼦；短内裤；pant的复数 v.喘⽓ ；喘息；pant的第三⼈称单数,/pænts/,pants,,
shorts,n.（⽤复数）短裤,/ʃɔːts/,shorts,,
sock,n.短袜v.穿袜,/sɒk/,sock,,
shoe,n.鞋⼦,/ʃuː/,shoe,,
cap,n.（尤指有帽⾆的）帽⼦ v.覆盖......的顶 部,/kæp/,cap,,
hat,n.（通常指有檐的）帽⼦,/hæt/,hat,,
scarf,n.围⼱；披⼱；头⼱ v.围（围⼱）；披 （披⼱）,/skɑːf/,scarf,,
glove,n.（⼿指分开的）⼿套,/ɡlʌv/,glove,,
glasses,n.眼镜 n.玻璃；玻璃杯；glass的复数,/ˈɡlɑːsɪz/,glass-es,,
buy,v.买；换取；收买；相信,/baɪ/,buy,,
sell,v.卖出......；出售；转让,/sel/,sell,,
spend,v.花（时间）；花费（⾦钱时间等）；度 过,/spend/,spend,,
cost,v.花费，价钱为，需付费 n.费⽤；花费 ，价钱；成本；代价,/kɒst/,cost,,
price,"n.价格,价钱,代价 vt.标明价格",/praɪs/,price,,
dollar,n.元（美国加拿⼤澳⼤利亚等国的货币单 位），美元,/ˈdɒlə(r)/,dol-lar,,
cent,n.（货币单位）分；分币,/sent/,cent,,
size,"n.⼤⼩,号；尺⼨,(⾐服等)尺码 vt.依⼤⼩ 排列",/saɪz/,size,,
sale,"n.出售,销售；卖出,廉价出售,销路,销售额",/seɪl/,sale,,
expensive,adj.昂贵的；花钱多的,/ɪkˈspensɪv/,ex-pen-sive,ex-|向外 + pens|花费 + -ive|形容词后缀,花出去很多 → 昂贵的
cheap,adj.花钱少的；廉价的；便宜的,/tʃiːp/,cheap,,
diet,n.节⻝，规定饮⻝（为健康或减肥等⽬的 ）；⽇常饮⻝,/ˈdaɪət/,di-et,,
food,n.⻝物，⻝品,/fuːd/,food,,
eat,v.吃；进餐,/iːt/,eat,,
meal,n.（或午晚）餐；⼀餐；饭，⼀顿饭；早 餐；⼀餐所吃的⻝物,/miːl/,meal,,
breakfast,n.早餐；早饭,/ˈbrekfəst/,break-fast,break|打破 + fast|禁食,打破禁食 → 早餐
lunch,n.午餐；午饭,/lʌntʃ/,lunch,,
dinner,n.正餐；晚餐,/ˈdɪnə(r)/,din-ner,,
rice,n.⼤⽶；⽶饭,/raɪs/,rice,,
noodle,n.⾯条,/ˈnuːdl/,noo-dle,,
dumpling,n.饺⼦；⽔饺；汤团；团⼦,/ˈdʌmplɪŋ/,dump-ling,,
bread,n.⾯包；⽣计,/bred/,bread,,
hamburger,n.(burger)汉堡包,/ˈhæmbɜːɡə/,ham-bur-ger,Hamburg|汉堡(城市名) + -er|...的,来自汉堡的 → 汉堡包
sandwich,n.三明治,/ˈsænwɪtʃ/,sand-wich,Sandwich|三明治伯爵(人名),以人名命名 → 三明治
pizza,n.⽐萨饼；披萨；意⼤利薄饼,/ˈpiːtsə/,piz-za,,
pie,n.果馅饼；⾁馅饼，派，馅饼,/paɪ/,pie,,
meat,n.（猪⽜⽺等的）⾁；⾁类,/miːt/,meat,,
beef,n.⽜⾁,/biːf/,beef,,
pork,n.猪⾁,/pɔːk/,pork,,
egg,n.（作⻝物⽤的）蛋；鸡蛋,/eɡ/,egg,,
fruit,n.⽔果；成果 v.结果实,/fruːt/,fruit,,
apple,"n.苹果,苹果树",/ˈæp(ə)l/,ap-ple,,
banana,n.⾹蕉,/bəˈnɑːnə/,ba-na-na,,
grape,n.葡萄,/ɡreɪp/,grape,,
peach,n.桃；桃⼦；桃树；桃红⾊,/piːtʃ/,peach,,
pear,n.梨，梨树,/peə(r)/,pear,,
watermelon,n.西⽠,/ˈwɔːtəmelən/,wa-ter-mel-on,water|水 + melon|瓜,水瓜 → 西瓜
strawberry,n.草莓,/ˈstrɔːbəri/,straw-ber-ry,straw|稻草 + berry|浆果,稻草旁的浆果 → 草莓
vegetable,n.蔬菜,/ˈvedʒtəbl/,veg-e-ta-ble,veget-|生长 + -able|能...的,能生长的 → 蔬菜
carrot,n.胡萝⼘,/ˈkærət/,car-rot,,
onion,n.洋葱；葱头,/ˈʌnjən/,on-ion,,
cabbage,n.⽢蓝；卷⼼菜；洋⽩菜,/ˈkæbɪdʒ/,cab-bage,,
potato,n.⼟⾖；⻢铃薯(复数potatoes),/pəˈteɪtəʊ/,po-ta-to,,
tomato,n.西红柿，番茄(复数tomatoes),/təˈmɑːtəʊ/,to-ma-to,,
peanut,n.花⽣,/ˈpiːnʌt/,pea-nut,,
ice cream,phra.冰激凌,/ˈaɪs kriːm/,ice cream,,
biscuit,n.英饼⼲,/ˈbɪskɪt/,bis-cuit,,
cake,n.蛋糕，糕点,/keɪk/,cake,,
candy,n.糖；糖果,/ˈkændi/,can-dy,,
chocolate,n.巧克⼒，朱古⼒ adj.巧克⼒的,/ˈtʃɒklət/,choc-o-late,源自纳瓦特尔语xocolātl,外来词 → 巧克力
sausage,n.⾹肠；腊肠,/ˈsɒsɪdʒ/,sau-sage,,
salad,n.沙拉；⾊拉；蔬菜沙拉；混合沙拉,/ˈsæləd/,sal-ad,,
chip,n.炸薯条；炸薯⽚；芯⽚；碎⽚ v.削成碎 ⽚；碎裂,/tʃɪp/,chip,,
drink,v.喝；喝酒 n.饮料；酒,/drɪŋk/,drink,,
water,n.⽔ v.给......浇⽔；给（某地）供⽔,/ˈwɔːtə(r)/,wa-ter,,
milk,n.（⽜或⽺等的）奶，⽜奶 v.挤奶,/mɪlk/,milk,,
coffee,n.咖啡,/ˈkɒfi/,cof-fee,,
tea,n.茶；茶叶；茶⽔,/tiː/,tea,,
cola,"n.可乐饮料；可乐树(其⼦含咖啡碱),",/ˈkəʊlə/,co-la,,
juice,n.(⽔果或蔬菜的)汁；⽔果(蔬...)，果汁,/dʒuːs/,juice,,
soup,n.汤；羹,/suːp/,soup,,
knife,n.(pl.knives）餐⼑；⼑具,/naɪf/,knife,,
fork,n.餐叉；叉⼦；分岔；分⽀ v.分岔；⽤叉 ⼦叉,/fɔːk/,fork,,
plate,"n.盘⼦,碟⼦;板块;⻋牌",/pleɪt/,plate,,
bowl,n.碗；钵；盆；⼀碗......；碗状物 v.投掷 ；滚动,/bəʊl/,bowl,,
spoon,n.匙，调羹，勺;⼀勺的量,/spuːn/,spoon,,
cup,n.杯⼦；茶杯；⼀杯（的量）,/kʌp/,cup,,
glass,n.玻璃；玻璃制品；(glasses)眼镜,/ɡlɑːs/,glass,,
sweet,adj.甜蜜的；甜的；含糖的；可爱的 n.糖 果；甜⻝,/swiːt/,sweet,,
spicy,adj.含⾹料的；辣的；下流的,/ˈspaɪsi/,spi-cy,,
Monday,n.星期⼀,/ˈmʌndeɪ/,Mon-day,,
Tuesday,n.星期⼆,/ˈtjuːzdeɪ/,Tues-day,,
Wednesday,n.星期三,/ˈwenzdeɪ/,Wednes-day,,
Thursday,n.星期四,/ˈθɜːzdeɪ/,Thurs-day,,
Friday,n.星期五,/ˈfraɪdeɪ/,Fri-day,,
Saturday,n.星期六,/ˈsætədeɪ/,Sat-ur-day,,
Sunday,n.星期⽇,/ˈsʌndeɪ/,Sun-day,,
weekend,n.周末,/ˌwiːkˈend/,week-end,week|周 + end|末尾,一周的末尾 → 周末
January,n.(Jan.)⼀⽉,/ˈdʒænjuəri/,Jan-u-ar-y,,
February,n.(Feb.)⼆⽉,/ˈfebruəri/,Feb-ru-ar-y,,
March,n.三⽉,/mɑːtʃ/,March,,
April,n.(Apr.)四⽉,/ˈeɪprəl/,A-pril,,
May,n.五⽉；梅（⼈名）,/meɪ/,May,,
June,n.(Jun.)六⽉,/dʒuːn/,June,,
July,n.(Jul.)七⽉,/dʒuˈlaɪ/,Ju-ly,,
August,n.(Aug.)⼋⽉,/ˈɔːɡəst/,Au-gust,,
September,n.(Sept.)九⽉,/sepˈtembə(r)/,Sep-tem-ber,,
October,n.(Oct.)⼗⽉,/ɒkˈtəʊbə(r)/,Oc-to-ber,,
November,n.(Nov.)⼗⼀⽉,/nəʊˈvembə(r)/,No-vem-ber,,
December,n.(Dec.)⼗⼆⽉,/dɪˈsembə(r)/,De-cem-ber,,
one,num.⼀ pron.⼀（个，只...）；指代已知 的事物,/wʌn/,one,,
first,n.第⼀ adj.第⼀的 adv.最初；第⼀；⾸先,/fɜːst/,first,,
two,num.⼆；两个(的),/tuː/,two,,
second,n.第⼆；秒；⽚刻 adj.第⼆的 adv.第⼆ v.⽀持，附议,/ˈsekənd/,sec-ond,,
three,num.三；三个(的),/θriː/,three,,
third,n.三分之⼀；第三 adj.第三的 adv.第三,/θɜːd/,third,,
four,num.四；四个(的),/fɔː(r)/,four,,
fourth,n.第四个；四分之⼀ adj.第四的 adv.第四,/fɔːθ/,fourth,,
five,num.五；五个(的),/faɪv/,five,,
fifth,n.第五；五分之⼀ adj.第五的 adv.第五,/fɪfθ/,fifth,,
six,num.六；六个(的),/sɪks/,six,,
sixth,n.第六；六分之⼀ adj.第六的；六分之⼀ 的,/sɪksθ/,sixth,,
seven,num.七；七个(的),/ˈsevn/,sev-en,,
seventh,n.第七；七分之⼀ adj.第七的；七分之⼀ 的,/ˈsev(ə)nθ/,,,
eight,num.⼋；⼋个(的),/eɪt/,eight,,
eighth,n.第⼋；⼋分之⼀ adj.第⼋的 adv.第⼋,/eɪtθ/,eighth,,
nine,num.九；九个(的),/naɪn/,nine,,
ninth,n.九分之⼀；第九 adj.第九的 adv.第九,/naɪnθ/,ninth,,
ten,num.⼗；⼗个(的),/ten/,ten,,
tenth,n.第⼗；⼗分之⼀ adj.第⼗的；⼗分之⼀ 的 adv.第⼗,/tenθ/,tenth,,
eleven,num.⼗⼀；⼗⼀个(的),/ɪˈlevn/,e-lev-en,,
twelfth,n.第⼗⼆；⼗⼆分之⼀ adj.第⼗⼆的 adv.第⼗⼆,/twelfθ/,twelfth,,
thirteen,num.⼗三；⼗三个(的),/ˌθɜːˈtiːn/,thir-teen,,
thirteenth,n.第⼗三；⼗三分之⼀ adj.第⼗三的；⼗ 三分之⼀的,/ˌθɜːˈtiːnθ/,thir-teenth,,
fourteen,num.⼗四；⼗四个(的),/ˌfɔːˈtiːn/,four-teen,,
fourteenth,n.第⼗四；⼗四分之⼀ adj.第⼗四的 adv.第⼗四,/ˌfɔːˈtiːnθ/,four-teenth,,
fifteen,num.⼗五；⼗五个(的),/ˌfɪfˈtiːn/,fif-teen,,
fifteenth,num.第⼗五；⼗五分之⼀ n.第⼗五；第 ⼗五个 adj.第⼗五的,/ˌfɪfˈtiːnθ/,fif-teenth,,
sixteen,num.⼗六；⼗六个(的),/ˌsɪksˈtiːn/,six-teen,,
sixteenth,n.第⼗六；⼗六分之⼀ adj.第⼗六的；⼗ 六分之⼀的 num.第⼗六,/ˌsɪksˈtiːnθ/,six-teenth,,
seventeen,num.⼗七；⼗七个(的),/ˌsev(ə)nˈtiːn/,sev-en-teen,,
seventeenth,n.第⼗七；⼗七分之⼀ adj.第⼗七的；⼗ 七分之⼀的 num.第⼗七,/ˌsev(ə)nˈtiːnθ/,sev-en-teenth,,
eighteen,num.⼗⼋；⼗⼋个(的),/ˌeɪˈtiːn/,eigh-teen,,
eighteenth,n.第⼗⼋；⼗⼋分之⼀ adj.第⼗⼋的；⼗ ⼋分之⼀的,/ˌeɪˈtiːnθ/,eigh-teenth,,
nineteen,num.⼗九；⼗九个(的),/ˌnaɪnˈtiːn/,nine-teen,,
nineteenth,adj.第⼗九的；⼗九分之⼀的 n.第⼗九 ；第⼗九个；⼗九分之⼀,/ˌnaɪnˈtiːnθ/,nine-teenth,,
twenty,num.⼆⼗；⼆⼗个(的),/ˈtwenti/,twen-ty,,
twentieth,n.第⼆⼗；⼆⼗分之⼀ adj.第⼆⼗的 adv.第⼆⼗,/ˈtwentiəθ/,twen-ti-eth,,
thirty,num.三⼗；三⼗个(的),/ˈθɜːti/,thir-ty,,
forty,num.四⼗,/ˈfɔːti/,for-ty,,
fifty,num.五⼗,/ˈfɪfti/,fif-ty,,
sixty,num.六⼗,/ˈsɪksti/,six-ty,,
seventy,num.七⼗,/ˈsev(ə)nti/,sev-en-ty,,
eighty,num.⼋⼗,/ˈeɪti/,eigh-ty,,
ninety,num.九⼗,/ˈnaɪnti/,nine-ty,,
hundred,num.许多，⼤量；百，⼀百,/ˈhʌndrəd/,hun-dred,,
thousand,num.⼀千 n.千；千个,/ˈθaʊz(ə)nd/,thou-sand,,
million,num.百万；⼀百万 n.百万；百万个,/ˈmɪljən/,mil-lion,,
time,n.时间；时刻，时候；倍；次数；时期 v.计时；安排时间 adj.时间的；定时的 ；分期的,/taɪm/,time,,
yesterday,adv.在昨天 n.昨天,/ˈjestədeɪ/,yes-ter-day,yester-|昨 + day|天,昨日 → 昨天
today,n.今天；当今 adv.在今天；当今,/təˈdeɪ/,to-day,,
tomorrow,adv./n.在明天;明天;未来,/təˈmɒrəʊ/,to-mor-row,to-|到 + morrow|早晨,到下一个早晨 → 明天
o'clock,abbr.(表⽰整点)......点钟,/əˈklɒk/,o'clock,,
am,v.是；动词be的第⼀⼈称单数现在式 abbr.上午；antemeridiem的缩写,/æm/,am,,
pm,n.下午,/ˌpiː ˈem/,pm,,
morning,n.早晨；上午,/ˈmɔːnɪŋ/,morn-ing,,
noon,n.中午；正午,/nuːn/,noon,,
afternoon,n.下午,/ˌɑːftəˈnuːn/,af-ter-noon,after|之后 + noon|正午,正午之后 → 下午
evening,n.晚上；傍晚,/ˈiːvnɪŋ/,eve-ning,,
night,n.夜晚；晚上,/naɪt/,night,,
tonight,adv./n.(在)今晚;(在)今夜,/təˈnaɪt/,to-night,,
now,adv.现在；⽬前,/naʊ/,now,,
future,n.未来；将来；前途 adj.将来的；未来的,/ˈfjuːtʃə(r)/,fu-ture,,
someday,"adv.将来会有⼀天,有朝⼀⽇",/ˈsʌmdeɪ/,some-day,,
never,adv.从不；从未；决不,/ˈnevə(r)/,nev-er,,
sometimes,adv.在某个时候,/ˈsʌmtaɪmz/,some-times,some|某些 + times|时候,某些时候 → 有时
often,adv.经常；常常地；时常地,/ˈɒf(ə)n/,of-ten,,
usually,adv.通常地；⼀般地；惯常地,/ˈjuːʒuəli/,u-su-al-ly,usual|通常 + -ly|副词后缀,通常地
always,adv.总是；⼀直,/ˈɔːlweɪz/,al-ways,,
half,n.⼀半 adj.⼀半的 adv.⼀半地,/hɑːf/,half,,
past,adj.过去的；以往的；昔⽇的 prep.经过 ；超过；晚于 n.过去；昔⽇ adv.经过,/pɑːst/,past,,
last,adj.最后的；最近的；上⼀个的；刚过去 的，最近过去的 adv.最后；最近 v.持续,/lɑːst/,last,,
next,adj.（时间）紧接着的；接下来的，下⼀ 个的，离得最近的 adv.随后 pron.下⼀个 prep.靠近,/nekst/,next,,
later,adv.随后；后来；以后 adj.以后的；后来 的,/ˈleɪtə(r)/,lat-er,,
ago,adv.以前，以往,/əˈɡəʊ/,a-go,,
soon,adv.很快，不久，即刻，⻢上;快,/suːn/,soon,,
early,adj.早的；提早的；早期的；早到的 adv.早地；提早；在早期；提前,/ˈɜːli/,ear-ly,,
late,adj.迟的；晚的；近⽇暮的；近深夜的 ；时间不早的；已故的 adv.晚；迟,/leɪt/,late,,
fast,adj.快的，迅速的 adv.快，快速，迅速,/fɑːst/,fast,,
slow,"adj.慢的,迟钝的,缓慢的 v.(使)减速，慢下 来 adv.缓慢",/sləʊ/,slow,,
hurry,v.抓紧；赶快；匆忙地做 n.匆忙；仓促,/ˈhʌri/,hur-ry,,
quickly,adv.快速地；迅速地，很快地,/ˈkwɪklɪ/,quick-ly,quick|快 + -ly|副词后缀,快地 → 快速地
minute,n.分钟；⼀会⼉ adj.微⼩的,/ˈmɪnɪt/,min-ute,,
hour,n.⼩时,/ˈaʊə(r)/,hour,,
day,n.(⼀)⽇，(⼀)天；⽩天,/deɪ/,day,,
week,n.周；星期 n.⼀周时间,/wiːk/,week,,
month,n.⼀个⽉的时间；⽉份，⽉,/mʌnθ/,month,,
year,n.年；年龄，岁数,/jɪə(r)/,year,,
metre,⼜作metern.⽶；公尺,/ˈmiːtə(r)/,me-tre,,
kilometre,n.（英）千⽶，公⾥,/kɪˈlɒmɪtə(r)/,kil-o-me-tre,kilo-|千 + metre|米,一千米 → 千米/公里
kilogram,n.(kilo)千克；公⽄,/ˈkɪləɡræm/,kil-o-gram,kilo-|千 + gram|克,一千克 → 千克/公斤
degree,n.（.⼤学）学位；度数；程度；次数,/dɪˈɡriː/,de-gree,,
point,n.得分，点；观点；要点；分数；地点 ；论点；重点 v.指向；指出；弄尖；瞄准,/pɔɪnt/,point,,
row,n.⼀排；⼀列；⼀⾏； v.划船；吵架,/raʊ/,row,,
piece,n.⽚，块，段；截；件，张，条；（⽂艺 作品等的）⼀篇 vt.接合，修补，凑合,/piːs/,piece,,
house,"n.房⼦；房屋；住宅 v.给某⼈提供住处,是 ......的安置处；收藏",/haʊs/,house,,
wall,n.墙，墙壁；城墙,/wɔːl/,wall,,
floor,n.地板；地⾯；楼层,/flɔː(r)/,floor,,
window,n.窗⼝；窗⼾,/ˈwɪndəʊ/,win-dow,,
door,n.⻔；出⼊⼝,/dɔː(r)/,door,,
stair,n.楼梯；梯级,/steə(r)/,stair,,
room,n.房间；空间,/ruːm/,room,,
bedroom,n.卧室，睡房,/ˈbedruːm/,bed-room,bed|床 + room|房间,放床的房间 → 卧室
bathroom,n.浴室，盥洗室；洗⼿间，卫⽣间,/ˈbɑːθruːm/,bath-room,bath|洗澡 + room|房间,洗澡的房间 → 浴室
kitchen,n.厨房,/ˈkɪtʃɪn/,kitch-en,源自古英语cycene,烹饪之处 → 厨房
toilet,n.坐便器；厕所；抽⽔⻢桶；卫⽣间；盥 洗室,/ˈtɔɪlət/,toi-let,,
bed,n.床；底；（花）坛,/bed/,bed,,
sofa,n.沙发；⻓沙发,/ˈsəʊfə/,so-fa,,
table,n.桌⼦；台⼦；表格 v.把......列⼊议事⽇ 程；搁置,/ˈteɪbl/,ta-ble,,
wardrobe,n.⾐柜；⾐橱,/ˈwɔːdrəʊb/,ward-robe,ward-|保护 + robe|衣服,保护衣服的 → 衣柜
bookshelf,n.书架,/ˈbʊkʃelf/,book-shelf,book|书 + shelf|架子,放书的架子 → 书架
TV,abbr.电视；电视机；television的缩写,/ˌtiː ˈviː/,TV,,
fridge,n.(refrigerator)冰箱；电冰箱,/frɪdʒ/,fridge,,
lamp,n.灯；台灯,/læmp/,lamp,,
clock,n.时钟；钟,/klɒk/,clock,,
radio,n.⽆线电⼴播；收⾳机；⽆线电,/ˈreɪdiəʊ/,ra-di-o,,
phone,n.（telephone）电话,/fəʊn/,phone,,
fan,n.迷；狂热爱好者；粉丝；扇⼦；电⻛扇 v.煽动；吹拂,/fæn/,fan,,
box,n.箱⼦；盒⼦；⼀拳 v.拳击；装箱,/bɒks/,box,,
basket,n.篮⼦；篮；筐；(篮球运动的)篮，投篮 所得的分,/ˈbɑːskɪt/,bas-ket,,
bottle,n.⼀瓶（的量）；瓶⼦,/ˈbɒtl/,bot-tle,,
umbrella,n.伞；⾬伞,/ʌmˈbrelə/,um-brel-la,umbr-|阴影 + -ella|小,小阴影 → 伞
key,n.钥匙；关键；键 adj.⾄关重要的；必不 可少的；关键的；主要的,/kiː/,key,,
candle,n.蜡烛,/ˈkændl/,,,
photo,n.(photograph)照⽚照⽚；相⽚,/ˈfəʊtəʊ/,pho-to,,
home,n.家；家庭；住所 adv.在家 adj.家的；家 庭的 v.送......回家；提供住处,/həʊm/,,,
family,n.家庭；家族 adj.家庭的；家族的,/ˈfæməli/,fam-i-ly,,
parent,n.⽗，⺟；⺟亲；⽗亲；家⻓,/ˈpeərənt/,par-ent,,
father,n.⽗亲；爸爸,/ˈfɑːðə(r)/,fa-ther,,
dad,n.爸爸(⾮正式⽤语),/dæd/,,,
mother,n.⺟亲，妈妈,/ˈmʌðə(r)/,moth-er,,
mum,n.妈妈(⾮正式⽤语) adj.沉默的；不说话 的,/mʌm/,,,
brother,n.兄弟；哥哥；弟弟,/ˈbrʌðə(r)/,broth-er,,
sister,n.姐姐，妹妹,/ˈsɪstə(r)/,sis-ter,,
grandparent,n.祖⽗；祖⺟；外祖⽗；外祖⺟,/ˈɡrænpeərənt/,grand-par-ent,grand-|大 + parent|父母,大父母 → 祖父母
grandfather,n.(grandpa)(外)祖⽗；爷爷；外公；姥爷,/ˈɡræn(d)fɑːðə/,grand-fa-ther,grand-|大 + father|父亲,大父亲 → 祖父/外公
grandpa,n.(grandfather)爷爷，外公；祖⽗；外 祖⽗,/ˈɡrænpɑː/,grand-pa,,
grandmother,n.（外）祖⺟，奶奶，外婆,/ˈɡrænmʌðə(r)/,grand-moth-er,grand-|大 + mother|母亲,大母亲 → 祖母/外婆
grandma,n.祖⺟；外祖⺟；奶奶；外婆,/ˈɡrænmɑː/,grand-ma,,
uncle,n.叔⽗；伯⽗；舅⽗；姑⽗；姨⽗,/ˈʌŋkl/,un-cle,,
aunt,n.姑姑，阿姨，婶⺟，伯⺟，姨⺟，舅⺟ ，姑⺟,/ɑːnt/,aunt,,
cousin,n.堂兄弟（或姐妹）；表兄弟（或姐妹）,/ˈkʌzn/,cous-in,,
friend,n.朋友，友⼈,/frend/,friend,,
people,n.⼈，⼈们(单复数同形),/ˈpiːpl/,peo-ple,,
kid,n.⼩孩；年轻⼈ v.哄骗；开玩笑,/kɪd/,kid,,
child,n.⼉童(复数形式为children),/tʃaɪld/,child,,
baby,n.婴⼉；幼兽；幼⻦ adj.幼⼩的,/ˈbeɪbi/,ba-by,,
boy,n.男孩，男⽣,/bɔɪ/,boy,,
girl,n.⼥孩，⼩姑娘,/ɡɜːl/,girl,,
man,n.（成年）男⼈；⼈ v.操作；⼯作,/mæn/,man,,
woman,n.(复数是women）妇⼥，⼥⼈；成年⼥ ⼦,/ˈwʊmən/,wom-an,,
sir,"n.⻓官；先⽣（⽤于正式信函中对不知名 的男性收信⼈的称呼时,写为Sir）",/sɜː(r)/,sir,,
Mr,n.先⽣(⽤于男⼦的姓⽒或姓名前...),/ˈmɪstə/,,,
Miss,n.⼥⼠，⼩姐（称呼）,/mɪs/,miss,,
Mrs,abbr.太太；夫⼈；Mistress的缩写,/ˈmɪsɪz/,,,
Ms,n.（⽤于⼥⼦的姓⽒或姓名前，不指明婚 否）⼥⼠,/mɪz/,,,
pet,n.宠物；宠⼉ v.爱抚 adj.钟爱的,/pet/,pet,,
body,n.躯⼲；⾝体,/ˈbɒdi/,bod-y,,
head,n.头，头部；脑袋；上端；⾸脑；负责⼈ v.朝......⾏进；前往；居⾸位；领导 adj.头的；主要的,/hed/,head,,
hair,n.头发；（或动物的）⽑发,/heə(r)/,hair,,
face,n.脸；⾯孔；⾯ v.⾯对；⾯临，必须对付 （某情况）；⾯向,/feɪs/,face,,
eye,n.眼睛 v.注视；审视,/aɪ/,eye,,
ear,n.耳朵,/ɪə(r)/,ear,,
nose,n.⿐，⿐⼦,/nəʊz/,nose,,
mouth,n.（pl.mouths）嘴；⼝,/maʊθ/,mouth,,
tooth,n.⽛⻮（复数teeth）,/tuːθ/,tooth,,
tongue,n.⾆，⾆头；语⾔,/tʌŋ/,,,
shoulder,n.肩；肩膀 v.承担,/ˈʃəʊldə(r)/,shoul-der,,
back,n.背⾯；反⾯；背部；后⾯ adv.回原处 /bæk/ ；向后 adj.后⾯的；拖⽋的 v.⽀持,,back,,
arm,n.⼿臂，上肢 v.武装,/ɑːm/,arm,,
hand,n.⼿ v.交；递；给,/hænd/,hand,,
finger,"n.⼿指,指针 v.⽤⼿指拨弄,伸出",/ˈfɪŋɡə(r)/,fin-ger,,
leg,n.腿，腿部；直⻆边,/leɡ/,leg,,
knee,n.膝盖；膝部,/niː/,knee,,
foot,n.(复数形式位feet)脚，⾜ n.尺；⽀脚,/fʊt/,foot,,
thin,adj.瘦的；薄的；稀的；细的,/θɪn/,thin,,
slim,adj.苗条的；薄的；⽆价值的；细⻓的 v.变细；减肥,/slɪm/,,,
fat,adj.肥胖的，肥的 n.脂肪,/fæt/,,,
heavy,adj.⼤量的；重的，沉的；厚的,/ˈhevi/,heav-y,,
tall,adj.有......⾼的；⾼的,/tɔːl/,tall,,
short,adj.矮的，个⼦矮的；短的 adj.短暂的,/ʃɔːt/,short,,
healthy,adj.有益健康的；健康的,/ˈhelθi/,health-y,health|健康 + -y|...的,有健康的 → 健康的
well,adv.好；对；满意地 adj.健康的 n.泉；井 ；油井 int.（⽤于表⽰惊讶，疑虑，接受 等）好,/wel/,,,
ill,adj.⽣病的；不舒服的；坏的,/ɪl/,ill,,
sick,"adj.⽣病的；病的，有病的；恶⼼的,厌恶 的 n.病⼈ vt.呕吐，追击",/sɪk/,sick,,
blind,"adj.瞎的；失明的；盲⽬的 v.使失明,缺乏 眼光或判断⼒",/blaɪnd/,blind,,
deaf,adj.聋的；充耳不闻的，不愿听的，不肯 听取的,/def/,deaf,,
cough,n.咳嗽 v.咳嗽,/kɒf/,cough,,
fever,n.发烧；发热；狂热,/ˈfiːvə(r)/,fe-ver,,
headache,n.头痛；⿇烦；令⼈头痛的⼈（或事物）,/ˈhedeɪk/,head-ache,head|头 + ache|疼痛,头的疼痛 → 头疼
stomach ache,胃痛；腹痛,/ˈstʌmək eɪk/,,,
toothache,n.⽛痛,/ˈtuːθeɪk/,tooth-ache,tooth|牙齿 + ache|疼痛,牙齿的疼痛 → 牙疼
medicine,n.医学；药，药物（尤指⼝服的药⽔）,/ˈmedɪsn/,med-i-cine,medic-|治疗 + -ine|名词后缀,治疗用的 → 药
look,v.看；望，瞧；看上去 n.看,/lʊk/,look,,
watch,n.表；⼿表；监视；注意 v.看；观看；观 察；⼩⼼,/wɒtʃ/,watch,,
see,v.看⻅；看，⻅；明⽩；会⻅(过去式为 saw),/siː/,see,,
listen,v.（注意地）听,/ˈlɪsn/,lis-ten,,
hear,v.听到；听⻅;听说(过去式是heard),/hɪə(r)/,hear,,
sound,n.声⾳；声响 v.听起来好像 adj.健全的 ；完好的；合理的；可靠的；酣睡的,/saʊnd/,,,
taste,v.品尝；尝（味道）；品，吃，喝，有 /teɪst/ ......味道 n.体验；尝试；味道；鉴赏⼒ ；滋味；味觉；品味；喜好,,taste,,
smile,v.微笑，笑 n.微笑，笑容,/smaɪl/,smile,,
laugh,v.发出笑声；（⼤）笑；发笑 n.笑；笑声,/lɑːf/,laugh,,
cry,v.哭；呼喊；⼤叫 n.哭；呼喊,/kraɪ/,cry,,
shout,v.⼤叫；呼叫；喊叫；呼唤；⼤声说，叫 ，嚷 n.喊叫声,/ʃaʊt/,shout,,
bite,vi./vt.咬；咬伤；叮；蛰 n.(咬下的)⼀⼝ ；咬伤,/baɪt/,,,
stand,v.站⽴，站起来；容忍，忍受;抵御 n.停⽌ ；抵抗的状态；⽴⾜点,/stænd/,stand,,
sit,（过去式sat）v.坐；坐下,/sɪt/,sit,,
lie,v.躺；平躺；位于；坐落在；处于；撒谎 ；欺骗 n.谎⾔,/laɪ/,,,
walk,v./n.⾛，步⾏；散步,/wɔːk/,walk,,
step,n.步骤；迈步；步骤；阶段；脚步声；踏 级；步伐 v.踩；踏；⾏⾛,/step/,,,
kick,n.踢；踹 v.踢；踹；射⻔得分,/kɪk/,,,
climb,v.攀爬；爬升；攀登；爬,/klaɪm/,climb,,
ride,v.骑；骑⻢，骑⻋；驾驶；搭乘；乘坐 （游乐设施）；航⾏，漂浮 n.骑；供乘骑 的游乐设施;短途旅程,/raɪd/,ride,,
touch,v.触摸；碰；接触；感动；触动；触碰 /tʌtʃ/ ；打动 n.触摸；触觉；触感,,touch,,
hold,vt.召开；举⾏ v.抓住；承受住；坚持住 ；拥有；进⾏；拿着；持有；保留；容纳 ；暂停 n.拿；持；控制,/həʊld/,hold,,
catch,v.抓，抓住；捕捉；接住；抓住；赶上 ；理解 n.捕捉；钩；抛接球游戏,/kætʃ/,catch,,
put,v.放，安放，安置(put的过去式),/pʊt/,put,,
pass,v.及格；通过（考试或检查）；结束；传 递；给；递；路过；通过；（时间）流逝 ；超过 n.（考试）及格；通⾏证,/pɑːs/,pass,,
pick,v.采，摘；拾；捡；掘，凿，挑选 n.精选 ，掘,/pɪk/,pick,,
pull,v.拉；扯；拖；牵；拔 n.拉；拖；牵；拔,/pʊl/,pull,,
carry,v.把（某物或某⼈）带⾄（新的地点或位 置）；拿；提，抱，扛，背，搬；携带,/ˈkæri/,car-ry,,
lift,v.举起，抬起；抬⾼；（云烟等）消散 n.(英）电梯；升降机；搭便⻋,/lɪft/,lift,,
clap,vt.⿎掌；拍⼿；击掌; n.⿎掌；拍⼿；掌 声,/klæp/,,,
read,"v.读；读书，阅读；朗读,理解；解读 n.读 物",/riːd/,read,,
write,v.书写；写信；写作,/raɪt/,write,,
make,"v.做,制造；使成为",/meɪk/,make,,
play,v.玩；玩耍；演奏；扮演；播放 n.戏，戏 剧，演出；剧本；⽐赛,/pleɪ/,play,,
open,v.开；打开；开放 adj.开放的；营业的 n.公开；⼾外,/ˈəʊpən/,o-pen,,
close,v.关（⻔窗等）；关闭；使接近；（在空 间时间上）接近 adj.接近的；亲密的；密 切的；严密的 adv.接近地；紧挨地,/kləʊs/,close,,
chase,vi./vt.努⼒赢得 n.追逐,/tʃeɪs/,,,
hide,v.把藏起来，隐藏；隐蔽；躲藏；隐瞒 n.兽⽪,/haɪd/,hide,,
fall,v.进⼊（某状态）；变成；落下；掉落 ；倒下；下降；跌倒 n.落下；跌落；秋天 ；（常pl.）瀑布,/fɔːl/,fall,,
sleep,n.睡觉，睡眠 v.睡觉；⼊睡,/sliːp/,sleep,,
wake,vi./vt.弄醒，醒，醒来；唤醒,/weɪk/,wake,,
feel,v.感觉，感到，意识到；触摸；认为；摸 ，摸起来 n.感受；触觉,/fiːl/,feel,,
hungry,adj.饥饿的，感到饿的；渴望的,/ˈhʌŋɡri/,hun-gry,hunger|饥饿 + -y|...的,感到饥饿的
thirsty,adj.渴的；⼝渴的；渴望的,/ˈθɜːsti/,thirst-y,thirst|渴 + -y|...的,感到渴的
tired,adj.累的；疲倦的；疲劳的；厌烦的 v.使 疲倦；使厌烦；tire的过去式和过去分词,/ˈtaɪəd/,tired,,
happy,adj.幸福的，快乐的；⾼兴的；感到快乐 的,/ˈhæpi/,hap-py,,
pleased,adj.⾼兴的；愉快的；满意的 v.使欢喜 ；取悦；please的过去式和过去分词 adj.悲哀的;伤⼼的；难过的;令⼈悲哀的,/pliːzd/,,,
sad,sæd/ ，让⼈难过的,,sad,,
angry,adj.发怒的，愤怒的，⽣⽓的,/ˈæŋɡri/,an-gry,,
nervous,adj.神经紧张的；焦虑不安的；担忧的 ；焦虑的；胆怯的；紧张不安的；神经系 统的,/ˈnɜːvəs/,nerv-ous,,
worried,adj.担忧的；焦虑的；发愁的 v.担⼼；担 忧；worry的过去式和过去分词,/ˈwʌrid/,wor-ried,,
afraid,adj.害怕的；担⼼的，恐惧的，忧虑的,/əˈfreɪd/,a-fraid,,
scared,adj.惊慌的，吓坏了的，害怕的；恐惧的 v.惊吓；使害怕；scare的过去式和过去分 词,/skeəd/,,,
scary,adj.可怕的，骇⼈的，恐怖的；吓⼈的,/ˈskeəri/,,,
bored,adj.（对某⼈/事物）厌倦的；烦闷的；⽆ 聊的 v.使厌烦；开凿；钻孔；bore的过去 式和过去分词,/bɔːd/,,,
boring,adj.⽆趣的，⽆聊的，乏味的；令⼈厌倦 的 v.开凿；钻孔；使厌烦；bore的现在分 词,/ˈbɔːrɪŋ/,bor-ing,,
interested,adj.感兴趣的 v.使发⽣兴趣；interest的 过去式和过去分词,/ˈɪntrəstɪd/,,,
interesting,adj.令⼈感兴趣的；有趣的,/ˈɪntrəstɪŋ/,in-ter-est-ing,interest|兴趣 + -ing|令人...的,令人感兴趣的 → 有趣的
excited,adj.激动的；兴奋的 v.使兴奋；使激动 ；excite的过去式和过去分词,/ɪkˈsaɪtɪd/,,,
exciting,adj.令⼈激动的；使⼈兴奋的 v.使兴奋 ；使激动；excite的现在分词,/ɪkˈsaɪtɪŋ/,ex-cit-ing,excite|激动 + -ing|令人...的,令人激动的 → 令人兴奋的
fun,adj.有趣的；使⼈快乐的 n.乐趣；快乐,/fʌn/,,,
funny,adj.滑稽的；好笑的；奇怪的；有趣的,/ˈfʌni/,fun-ny,,
surprised,adj.感到惊讶的 v.使惊奇；使感到意外 ；surprise的过去式和过去分词,/səˈpraɪzd/,,,
amazing,adj.惊⼈的；了不起的；令⼈惊异的；令 ⼈吃惊的；令⼈惊喜（惊叹）的 v.使惊奇 ；使吃惊；amaze的现在分词,/əˈmeɪzɪŋ/,a-maz-ing,,
proud,adj.骄傲的，⾃豪的，得意的，妄⾃尊⼤ 的,/praʊd/,proud,,
nice,adj.友好的；亲切的；讨⼈喜欢...；令⼈ 愉快的；美好的,/naɪs/,nice,,
good,adj.好的，令⼈愉快的；有⽤，有好处,/ɡʊd/,good,,
great,adj.伟⼤的；⼤的；极好的；太棒了 adv.很好地,/ɡreɪt/,great,,
fine,adj.很好的；晴朗的；健康的；美好的 adv.很好 n.罚款,/faɪn/,fine,,
game,n.游戏；⽐赛；运动,/ɡeɪm/,game,,
race,n.⽐赛，竞赛，速度竞赛；赛⻋；种族 ；赛跑；竞争 v.⽐赛；快速移动,/reɪs/,race,,
contest,"n.⽐赛,竞赛;争夺,竞争; vt.争取赢得;争辩 ,就...提出异议",/ˈkɒntest/,,,
competition,n.竞争；⽐赛；竞赛，⻆逐,/ˌkɒmpəˈtɪʃn/,com-pe-ti-tion,com-|共同 + pet-|追求 + -ition|名词后缀,共同追求 → 竞争
goal,n.⽬标；⽬的；进球得分；球⻔；射⻔,/ɡəʊl/,goal,,
team,n.组；班；（游戏或体育运动的）队，⼩ /tiːm/ 组,,team,,
sport,n.体育运动；运动,/spɔːt/,sport,,
exercise,n.练习；锻炼；活动；运动；⾏使 v.运⽤ ；使⽤；锻炼；使担忧,/ˈeksəsaɪz/,ex-er-cise,ex-|出 + erc-|驱使 + -ise|动词后缀,驱使出来 → 锻炼
run,v.跑，奔跑；跑步；流动；经营 n.跑；运 转,/rʌn/,run,,
jump,n.跳；跳跃 v.跳；跳跃,/dʒʌmp/,jump,,
swim,v.游泳(过去式为swam),/swɪm/,swim,,
skate,n.旱冰鞋 v.溜冰，滑冰；滑（滑板）,/skeɪt/,,,
ski,adj.滑雪的 vi.滑雪,/skiː/,,,
ice-skate,v.溜冰；滑冰,/ˈaɪs skeɪt/,,,
cycling,n.骑⾃⾏⻋运动（或活动） v.循环；骑⾃ ⾏⻋；cycle的现在分词,/ˈsaɪklɪŋ/,cy-cling,,
boating,n.划船；泛⾈ v.划船；⽤船运输；⽤船装 运；boat的现在分词,/ˈbəʊtɪŋ/,,,
kung fu,phrase.（中国）功夫,"/,kʌŋ 'fuː/",,,
baseball,n.棒球，棒球运动,/ˈbeɪsbɔːl/,,,
basketball,n.篮球,/ˈbɑːskɪtbɔːl/,bas-ket-ball,basket|篮 + ball|球,投篮的球 → 篮球
football,n.⾜球运动；⾜球；（美式）橄榄球,/ˈfʊtbɔːl/,foot-ball,foot|脚 + ball|球,用脚踢的球 → 足球
ping-pong,n.乒乓球运动；乒乓球,/ˈpɪŋ pɒŋ/,,,
badminton,n.⽻⽑球运动；⽻⽑球,/ˈbædmɪntən/,bad-min-ton,Badminton|巴德明顿(地名),以地名命名 → 羽毛球
travel,v.旅游；旅⾏ n.旅游；旅⾏,/ˈtrævl/,trav-el,,
trip,n.旅⾏；旅程 v.绊倒；出差错；轻快地⾛,/trɪp/,trip,,
visit,n.参观，游览；拜访，访问，看望,/ˈvɪzɪt/,vis-it,,
arrive,v.到达；抵达,/əˈraɪv/,ar-rive,,
camp,v.露营；宿营；使扎营（住宿）；搭帐篷 n.营地；度假营；阵营；兵营,/kæmp/,,,
picnic,n.野餐 v.野餐,/ˈpɪknɪk/,pic-nic,,
holiday,n.假期，假⽇；休假⽇；法定假⽇，节⽇,/ˈhɒlədeɪ/,hol-i-day,,
vacation,"n.假期,度假，休假,(房屋等的)腾出 v.美度 假,休假",/vəˈkeɪʃ(ə)n/,va-ca-tion,,
hiking,n.远⾜；徒步旅⾏ v.徒步旅⾏；远⾜；升 起；增加；hike的现在分词,/ˈhaɪkɪŋ/,hik-ing,,
sidewalk,n.(美)⼈⾏道,/ˈsaɪdwɔːk/,,,
street,n.街，街道；⼤街,/striːt/,street,,
way,n.⽅法；⽅式；路；道路；⽅向；路线,/weɪ/,way,,
map,n.地图,/mæp/,map,,
traffic,n.交通；运输；流量；⾮法交易 v.（⾮法 ）进⾏交易；做......买卖,/ˈtræfɪk/,traf-fic,,
transportation,n.交通，运输；运输业；交通运输；公共 交通运输系统,/ˌtrænspɔːˈteɪʃn/,,,
bike,n.⾃⾏⻋；脚踏⻋,/baɪk/,bike,,
boat,n.⼩船，⼩艇，⼩⾈ v.划船；⽤船运输 ；⽤船装运,/bəʊt/,boat,,
ship,n.船；轮船；舰 v.装运；把......装上船 ；使乘船；在船上⼯作,/ʃɪp/,ship,,
ferry,n.渡船；渡⼝ v.摆渡；运送,/ˈferi/,,,
bus,n.公交⻋；公共汽⻋；巴⼠,/bʌs/,bus,,
car,n.⼩汽⻋；轿⻋,/kɑː(r)/,car,,
plane,n.⻜机；平⾯,/pleɪn/,plane,,
subway,n.地铁,/ˈsʌbweɪ/,,,
taxi,n.出租汽⻋；的⼠；计程⻋ v.乘坐出租汽 ⻋,/ˈtæksi/,tax-i,,
train,n.⽕⻋；列⻋；列；队 v.训练；培训；接 受训练,/treɪn/,train,,
sing,v.唱(歌)；演唱,/sɪŋ/,sing,,
dance,n.舞蹈 v.跳舞,/dɑːns/,dance,,
draw,v.画；拉；拽；提取；吸引,/drɔː/,draw,,
paint,v.刷漆；⽤颜料绘画，着⾊；在上刷油漆 ；(给)涂颜料 n.油漆；绘画颜料,/peɪnt/,paint,,
act,v.⾏为，⾏动，动作，举动；表演；演戏 ；扮演（⻆⾊） n.⾏动；装模作样；（戏 ）幕；法令,/ækt/,,,
exhibition,n.展览会；展览；(技能感情或⾏为的)表 演,/ˌeksɪˈbɪʃn/,,,
concert,n.⾳乐会；演奏会；⼀致；和谐 v.协调⼀ 致⾏动,/ˈkɒnsət/,,,
music,n.⾳乐；乐曲,/ˈmjuːzɪk/,mu-sic,,
song,n.歌；歌曲,/sɒŋ/,,,
piano,n.钢琴,/piˈænəʊ/,,,
flute,n.⻓笛,/fluːt/,,,
picture,n.图⽚；画，图画；照⽚ v.想象；描述,/ˈpɪktʃə(r)/,pic-ture,,
cartoon,n.动画⽚，卡通⽚ n.漫画,/kɑːˈtuːn/,,,
camera,n.照相机;摄影机;摄像机,/ˈkæmərə/,cam-er-a,源自拉丁语camera|房间,暗房 → 照相机
video,n.视频；录像；录像系统； v.录视频；给 ......录像 adj.视频的；录像的,/ˈvɪdiəʊ/,,,
film,n.电影；胶卷；底⽚；薄薄的⼀层 v.拍摄 电影,/fɪlm/,,,
poem,n.诗；诗篇；诗歌；韵⽂,/ˈpəʊɪm/,po-em,,
story,n.（真实或虚构的）故事，⼩说,/ˈstɔːri/,sto-ry,,
storybook,n.故事书；⼉童故事书，童话书,/ˈstɔːribʊk/,,,
newspaper,n.报纸,/ˈnjuːzpeɪpə(r)/,news-pa-per,news|新闻 + paper|纸,新闻纸 → 报纸
magazine,n.杂志；期刊；盒⼦,/ˌmæɡəˈziːn/,mag-a-zine,源自阿拉伯语makhazin|仓库,知识仓库 → 杂志
puzzle,n.谜；难题；智⼒游戏；拼图 v.（使）迷 惑；（使）伤脑筋,/ˈpʌzl/,,,
festival,n.节⽇；(电影戏剧⾳乐等的)节，节庆 ，汇演,/ˈfestɪvl/,fes-ti-val,,
Thanksgiving,n.感恩节,/ˌθæŋksˈɡɪvɪŋ/,,,
Christmas,n.圣诞节,/ˈkrɪsməs/,Christ-mas,Christ|基督 + mas|弥撒,基督弥撒 → 圣诞节
love,n.爱；关爱；爱情 v.喜欢，喜爱；爱；热 爱,/lʌv/,love,,
like,"v.喜欢,喜爱 perp.例如，像；怎么样；像 ...⼀样",/laɪk/,like,,
enjoy,v.享受......的乐趣；喜欢；欣赏；喜爱,/ɪnˈdʒɔɪ/,en-joy,,
hobby,n.业余爱好；嗜好,/ˈhɒbi/,hob-by,,
club,n.俱乐部，社团；棍⼦ v.⽤棍棒打,/klʌb/,,,
hi,int.嗨；你好(⾮正式⽤语hello),/haɪ/,,,
hello,int.你好；喂；哈喽 n.喂的招呼声或问候 声,/həˈləʊ/,,,
goodbye,int.再⻅ n.说再⻅,/ˌɡʊdˈbaɪ/,,,
OK,adj.好的；不错的；可以的 int.好的，⾏ ；可以,/əʊˈkeɪ/,,,
yes,int.是的；好的；到(点名),/jes/,,,
no,interj.不；不是；没有 det.没有，⽆,/nəʊ/,,,
thank,n.谢谢；感谢 /θæŋk/,,thank,,
sorry,adj.对不起的；遗憾的；抱歉的 int.对不 起；抱歉,/ˈsɒri/,,,
please,int.(⽤于客⽓地请求或吩咐)请,/pliːz/,please,,
say,v.说；讲；说话,/seɪ/,say,,
speak,v.说；讲（某种语⾔）；说话；谈话,/spiːk/,speak,,
talk,v.（⽤某种语⾔）讲，说；说话;交谈; n.说话;交谈,/tɔːk/,talk,,
tell,v.告诉；讲，讲述，叙述；说；辨别,/tel/,tell,,
ask,v.问；提问，询问；请求；邀请,/ɑːsk/,ask,,
answer,n.答案；答复，回答 v.答复，回答,/ˈɑːnsə(r)/,an-swer,,
reply,v.答复；回答 n.答复；回答,/rɪˈplaɪ/,re-ply,re-|回 + ply|折叠,折回去 → 回复
call,v.（⼀次）通话；，名叫，叫作，称作 ；打电话 n.打电话,/kɔːl/,call,,
meet,v.遇⻅；⻅⾯；满⾜；认识，结识,/miːt/,meet,,
celebrate,v.庆祝，庆贺；颂扬,/ˈselɪbreɪt/,cel-e-brate,,
share,v.分享；共享；共⽤；分摊；把⾃⼰的想 法（或经历感情）告诉（某⼈）,/ʃeə(r)/,share,,
send,v.发送；寄；送出；发出（信件邮件等）,/send/,send,,
name,v.命名；提名；说出......的名字 n.姓名 ；名称；名字,/neɪm/,,,
age,n.年龄；时代 v.变⽼,/eɪdʒ/,age,,
address,n.住址；地址；通讯处；演讲 v.向......讲 话；提出；解决,/əˈdres/,,,
letter,n.信；书信，函；字⺟,/ˈletə(r)/,let-ter,,
stamp,n.邮票；印章；印记；跺脚 v.盖印；跺脚,/stæmp/,,,
email,v.发电⼦邮件 n.电⼦邮件,/ˈiːmeɪl/,e-mail,,
birthday,n.⽣⽇,/ˈbɜːθdeɪ/,birth-day,birth|出生 + day|天,出生的日子 → 生日
party,n.聚会，宴会；党派,/ˈpɑːti/,par-ty,,
gift,n.天赋，才能，礼物，赠品 .⽩送,/ɡɪft/,gift,,
present,n.现在，⽬前；礼物；赠品 adj.在场的 ；⽬前的；现在的 v.呈现；提出,/ˈpreznt/,pres-ent,,
message,n.消息；信息；要旨，主题思想；寓意 ；要点 v.发即时信息；给......发消息；给 ......留⾔,/ˈmesɪdʒ/,mes-sage,,
invitation,n.邀请；请柬；请帖,/ˌɪnvɪˈteɪʃn/,,,
card,n.卡⽚；纸牌；贺卡；慰问卡；银⾏卡,/kɑːd/,card,,
advice,n.建议；意⻅；劝告，忠告,/ədˈvaɪs/,ad-vice,,
job,"n.⼯作,职位，职业,事情 v.打杂,批发,承包 ,欺骗",/dʒɒb/,job,,
poet,n.诗⼈,/ˈpəʊɪt/,,,
artist,n.艺术家；美术家；（尤指）画家,/ˈɑːtɪst/,art-ist,,
cook,n.厨师 v.烹饪；煮；烧,/kʊk/,cook,,
doctor,n.医⽣；博⼠ v.篡改,/ˈdɒktə(r)/,doc-tor,,
driver,n.司机；驾驶员,/ˈdraɪvə(r)/,driv-er,drive|驾驶 + -er|...者,驾驶的人 → 司机
farmer,n.农场主；农夫；农⼈；农⺠,/ˈfɑːmə(r)/,farm-er,farm|农场 + -er|...者,经营农场的人 → 农民
nurse,n.护⼠；保姆 v.护理；照料；喂奶,/nɜːs/,nurse,,
writer,"n.作者；作家,记者,撰稿者,抄写员",/ˈraɪtə/,writ-er,write|写 + -er|...者,写作的人 → 作家
pilot,n.⻜⾏员；领航员；驾驶员,/ˈpaɪlət/,pi-lot,,
player,n.玩家；运动员；演奏者；游戏者；参赛 选⼿；唱机,/ˈpleɪə/,play-er,play|玩 + -er|...者,参与比赛的人 → 选手
worker,n.⼯⼈；⼯作者；⼯⼈雇员；⼯蜂,/ˈwɜːkə(r)/,work-er,work|工作 + -er|...者,工作的人 → 工人
reporter,n.记者；通讯员,/rɪˈpɔːtə(r)/,re-port-er,re-|回 + port|运载 + -er|...者,把消息带回的人 → 记者
coach,n.教练；⻓途客运汽⻋；⽕⻋⻋厢；公共 ⻢⻋，四轮⼤⻢⻋ v.训练；培训,/kəʊtʃ/,coach,,
inventor,n.发明家；发明者；创造者,/ɪnˈventə(r)/,,,
astronaut,n.（astronaut的复数）宇航员；太空⼈,/ˈæstrənɔːt/,as-tro-naut,astro-|星/太空 + naut|航行,太空航行者 → 宇航员
secretary,n.秘书；⼤⾂,/ˈsekrətri/,,,
policeman,n.(pl.policemen)男警察,/pəˈliːsmən/,po-lice-man,police|警察 + man|人,警察 → 男警察
saleswoman,n.⼥售货员；⼥营业员,/ˈseɪlzwʊmən/,,,
scientist,n.科学家,/ˈsaɪəntɪst/,sci-en-tist,sci-|知道 + -ent|...的 + -ist|...者,有知识的人 → 科学家
volunteer,v.⽀援做，义务做;⾃愿做；⽆偿做 n.志愿 者,/ˌvɒlənˈtɪə(r)/,,,
waitress,n.(餐馆的)⼥服务员；⼥侍者,/ˈweɪtrəs/,,,
postman,n.（pl.postmen）邮递员，邮差,/ˈpəʊstmən/,,,
businessman,n.商界⼈员；商⼈；实业家；企业家；复 数是businessmen,/ˈbɪznəsmæn/,,,
fisherman,n.（pl.fishermen）渔夫；渔⺠；钓⻥的 ⼈,/ˈfɪʃəmən/,,,
work,n.⼯作；著作，（⾳乐艺术）作品 v.（使 ）⼯作；（使）运转；操作；经营；起作 ⽤,/wɜːk/,work,,
type,n.种；类；类型；种类；典型；字体 v.打 字；定型；成为......的典型,/taɪp/,type,,
copy,v.抄袭；模仿；复制；复印；拷⻉ n.复制 品；副本；⼀本（份，册）,/ˈkɒpi/,,,
print,v.打印；印刷 n.打印；印刷,/prɪnt/,,,
school,n.学校；上课(或上学)时间,/skuːl/,school,,
university,n.(综合性)⼤学;⾼等学府,/ˌjuːnɪˈvɜːsəti/,u-ni-ver-si-ty,uni-|一 + vers-|转 + -ity|名词后缀,统一转向知识 → 大学
playground,n.操场；运动场；游乐场,/ˈpleɪɡraʊnd/,play-ground,play|玩 + ground|场地,玩的场地 → 操场
classroom,n.教室，课堂,/ˈklɑːsruːm/,class-room,class|班/课 + room|房间,上课的房间 → 教室
library,n.图书馆，图书室,/ˈlaɪbrəri/,li-brar-y,,
grade,n.成绩等级，评分等级；年级；级别 v.分 等级；给......评分,/ɡreɪd/,grade,,
class,n.班级；课；等级；阶级；类别,/klɑːs/,class,,
student,n.学⽣,/ˈstjuːdnt/,stu-dent,,
pupil,n.学⽣；（尤指）⼩学⽣,/ˈpjuːpl/,pu-pil,,
classmate,n.同班同学；同学,/ˈklɑːsmeɪt/,class-mate,class|班级 + mate|伙伴,班级伙伴 → 同学
teacher,n.教师，⽼师，教员,/ˈtiːtʃə(r)/,teach-er,teach|教 + -er|...者,教的人 → 老师
lesson,n.课；功课；课程；教训,/ˈlesn/,les-son,,
homework,n.作业；家庭作业；功课,/ˈhəʊmwɜːk/,home-work,home|家 + work|工作,在家做的工作 → 家庭作业
teach,v.教（课程）；教导；讲授,/tiːtʃ/,teach,,
learn,vt./vi.学，学习，学会,/lɜːn/,learn,,
study,n.学习；研究；书房 v.学习；研究,/ˈstʌdi/,stud-y,,
mark,v.做记号；纪念；打分；评分；（使）留 痕迹 n.记号；痕迹；分数,/mɑːk/,mark,,
test,"v.测试；检测；试验；检验 n.测试,试验 ,检验",/test/,test,,
subject,n.主题；话题；课程；科⽬；学科；对象,/ˈsʌbdʒɪkt/,sub-ject,,
maths,n.（mathematics）数学（美math）,/mæθs/,maths,,
English,adj.英国的；英国⼈的；英语的 n.英语 ；英⽂,/ˈɪŋɡlɪʃ/,Eng-lish,,
Chinese,adj.中国的；中国⼈的；汉语的 n.中国⼈ ；中⽂；汉语；语⽂,/ˌtʃaɪˈniːz/,Chi-nese,,
history,n.历史；历史学,/ˈhɪstri/,his-to-ry,,
art,n.美术；艺术；美术课,/ɑːt/,art,,
geography,n.地理；地理学,/dʒɪˈɒɡrəfi/,ge-og-ra-phy,,
PE,abbr.体育；体育教育 ；physicaleducation的缩写,/ˌpiː ˈiː/,PE,,
desk,n.书桌；课桌；写字台,/desk/,desk,,
chair,n.椅⼦；主席；教授的职位 v.使就任要职 ；主持,/tʃeə(r)/,chair,,
seat,"n.座,座位,坐处（如椅⼦等）,所在地,场所 ,席位 vt.使坐下",/siːt/,,,
blackboard,n.⿊板,/ˈblækbɔːd/,black-board,black|黑 + board|板,黑色的板 → 黑板
bag,n.包；袋；购物袋；⼿提袋；提包；书包 ；纸袋，塑料袋,/bæɡ/,bag,,
schoolbag,n.书包,/ˈskuːlbæɡ/,school-bag,school|学校 + bag|包,上学用的包 → 书包
book,n.书；书籍；本⼦ v.预约，预订，订（房 间⻋票等）,/bʊk/,,,
pen,n.钢笔；笔；围栏,/pen/,pen,,
pencil,n.铅笔,/ˈpensl/,pen-cil,,
ruler,n.尺⼦，直尺；统治者；⽀配者,/ˈruːlə(r)/,rul-er,,
eraser,n.橡⽪，⿊板擦,/ɪˈreɪzə(r)/,e-ras-er,,
crayon,n.彩⾊铅笔（或粉笔蜡笔）,/ˈkreɪən/,cray-on,,
dictionary,n.词典；字典,/ˈdɪkʃən(ə)ri/,dic-tion-ar-y,dict-|说 + -ion|名词 + -ary|...的,关于说的书 → 字典
notebook,n.笔记本,/ˈnəʊtbʊk/,note-book,note|笔记 + book|书/本,记笔记的本子 → 笔记本
diary,n.⽇记；⽇记本（⼯作⽇程）记事簿,/ˈdaɪəri/,di-a-ry,,
word,n.词；字；单词；话语 v.⽤词语表达,/wɜːd/,word,,
paper,n.纸；报纸；论⽂；试卷 v.⽤墙纸贴,/ˈpeɪpə(r)/,pa-per,,
season,n.季；季节 v.给......调味；⻛⼲,/ˈsiːz(ə)n/,sea-son,,
spring,n.春季；春天；弹簧；泉 v.跳；跃；蹦 ；突然猛烈地移动,/sprɪŋ/,spring,,
summer,n.夏季；夏天,/ˈsʌmə(r)/,sum-mer,,
autumn,n.秋季；秋天,/ˈɔːtəm/,au-tumn,,
winter,n.冬季；冬天,/ˈwɪntə(r)/,win-ter,,
weather,n.天⽓；⽓象 v.使受⻛吹⾬打；⻛⼲；经 受住,/ˈweðə(r)/,weath-er,,
sunny,adj.晴朗的；阳光充⾜的，阳光明媚的,/ˈsʌni/,,sun|太阳 + -ny|...的,有太阳的 → 晴朗的
cloudy,adj.多云的，阴天的,/ˈklaʊdi/,,cloud|云 + -y|...的,有云的 → 多云的
windy,adj.有⻛的；刮⻛的，⻛⼤的；多⻛的 ；空谈的；吹⽜的,/ˈwɪndi/,,wind|风 + -y|...的,有风的 → 刮风的
rainy,adj.阴⾬的，多⾬的；下⾬的,/ˈreɪni/,,rain|雨 + -y|...的,有雨的 → 下雨的
snowy,adj.下雪的；多雪的；雪⽩的,/ˈsnəʊi/,,snow|雪 + -y|...的,有雪的 → 下雪的
foggy,adj.有雾的；模糊的,/ˈfɒɡi/,,fog|雾 + -gy|...的,有雾的 → 多雾的
hot,adj.热的；温度⾼的；⾟辣的,/hɒt/,hot,,
cold,n.寒冷；冷空⽓；感冒 adj.寒冷的；冰冷 的，冷的,/kəʊld/,cold,,
warm,adj.暖和的，温暖的，温热的,/wɔːm/,warm,,
cool,adj.冷静的；凉爽的；顶好的；酷的，棒 的，绝妙的 v.变冷；冷静下来,/kuːl/,cool,,
world,n.世界；地球,/wɜːld/,world,,
nature,n.⾃然界；⼤⾃然；天性,/ˈneɪtʃə(r)/,na-ture,,
sun,n.太阳，阳光,/sʌn/,sun,,
earth,n.地球；泥⼟；陆地；尘世,/ɜːθ/,earth,,
moon,n.⽉亮，⽉球,/muːn/,moon,,
light,adj.轻的；浅的；明亮的；少量的 n.光 ；灯；电灯；光线；光亮 v.点燃；照亮,/laɪt/,light,,
rain,n.⾬；⾬⽔ v.下⾬,/reɪn/,rain,,
snow,v.下雪；降雪 n.雪花；雪,/snəʊ/,snow,,
ice,n.冰 v.（使）结冰,/aɪs/,,,
sunrise,n.⽇出(时分);黎明;拂晓,/ˈsʌnraɪz/,,,
snowman,n.（⽤雪堆成的）雪⼈,/ˈsnəʊmæn/,,,
gold,n.⾦，⻩⾦；⾦牌；⾦币；⾦⻩⾊ adj.⾦ ⾊的,/ɡəʊld/,,,
stone,n.⽯头；⽯块 v.⽤⽯头打,/stəʊn/,,,
mud,n.泥；泥⼟,/mʌd/,,,
fire,n.⽕；⽕灾；炉⽕；炮⽕；热情；激情 v.射击；开⽕；解雇；激发,/ˈfaɪə(r)/,,,
air,n.空⽓；空中；⽓氛；神态 v.（使）通⻛ ；播出；晾⼲,/eə(r)/,,,
mountain,n.⼭；⾼⼭，⼭岳；⼭脉；⼀⼤堆；⼤量,/ˈmaʊntən/,moun-tain,mount-|山 + -ain|名词后缀,高山 → 山
hill,n.丘陵；⼩⼭；⼩丘,/hɪl/,hill,,
cave,n.⼭洞；洞⽳,/keɪv/,,,
lake,n.湖；湖泊,/leɪk/,lake,,
river,n.河；河流,/ˈrɪvə(r)/,riv-er,,
sea,n.海；海洋,/siː/,sea,,
island,n.岛；岛屿,/ˈaɪlənd/,is-land,,
animal,n.兽，动物,/ˈænɪml/,an-i-mal,,
bird,n.⻦，⼩⻦,/bɜːd/,bird,,
swan,n.天鹅 v.闲逛；随意旅⾏,/swɒn/,,,
penguin,n.企鹅,/ˈpeŋɡwɪn/,,,
dinosaur,n.恐⻰,/ˈdaɪnəsɔː(r)/,di-no-saur,dino-|恐怖的 + saur|蜥蜴,恐怖的蜥蜴 → 恐龙
lion,n.狮⼦,/ˈlaɪən/,li-on,,
tiger,n.⽼⻁,/ˈtaɪɡə(r)/,ti-ger,,
bear,n.熊 v.负荷；带有；忍受；承受；⽣（孩 ⼦）,/beə(r)/,bear,,
cheetah,n.猎豹；印度豹,/ˈtʃiːtə/,,,
wolf,n.（pl.wolves）狼 v.狼吞⻁咽,/wʊlf/,wolf,,
fox,n.狐狸；狡猾的⼈,/fɒks/,fox,,
deer,⿅（单复数⼀样）,/dɪə(r)/,deer,,
koala,n.树袋熊；考拉熊；⽆尾熊,/kəʊˈɑːlə/,,,
rabbit,n.兔⼦；野兔,/ˈræbɪt/,rab-bit,,
snake,n.蛇 v.蛇⾏；曲折前⾏,/sneɪk/,snake,,
mouse,n.⽼⿏，耗⼦；⿏标(复数mice),/maʊs/,mouse,,
panda,n.⼤熊猫,/ˈpændə/,pan-da,,
giraffe,n.⻓颈⿅ /dʒəˈrɑːf/,,,,
monkey,n.猴⼦,/ˈmʌŋki/,mon-key,,
elephant,n.⼤象,/ˈelɪfənt/,el-e-phant,,
kangaroo,n.袋⿏,/ˌkæŋɡəˈruː/,,,
squirrel,n.松⿏ v.贮藏,/ˈskwɪrəl/,,,
cow,n.⺟⽜；奶⽜；⼤型⺟兽 v.威胁；吓唬,/kaʊ/,cow,,
horse,n.⻢ v.骑⻢,/hɔːs/,horse,,
mule,n.骡⼦；顽固的⼈；拖鞋,/mjuːl/,,,
goat,n.⼭⽺,/ɡəʊt/,,,
sheep,n.(pl.sheep)(绵)⽺；驯服者,/ʃiːp/,sheep,,
pig,n.猪，贪婪的⼈,/pɪɡ/,pig,,
chicken,n.鸡；鸡⾁,/ˈtʃɪkɪn/,chick-en,,
hen,n.⺟鸡,/hen/,,,
duck,n.鸭⼦；鸭⾁ v.没⼊⽔中；潜⼊；闪避,/dʌk/,duck,,
cat,n.猫,/kæt/,cat,,
dog,n.狗 v.尾随,/dɒɡ/,dog,,
insect,n.昆⾍,/ˈɪnsekt/,in-sect,,
ant,n.蚂蚁,/ænt/,ant,,
bee,n.蜜蜂,/biː/,bee,,
butterfly,n.蝴蝶；蝶泳,/ˈbʌtəflaɪ/,but-ter-fly,butter|黄油 + fly|飞,黄油色的飞虫 → 蝴蝶
frog,n.蛙，⻘蛙,/frɒɡ/,frog,,
fish,n.⻥；⻥⾁ v.钓⻥；捕⻥,/fɪʃ/,fish,,
shark,n.鲨⻥,/ʃɑːk/,shark,,
turtle,n.⻳；海⻳,/ˈtɜːt(ə)l/,,,
whale,n.鲸 v.捕鲸,/weɪl/,whale,,
tail,n.尾；尾巴；尾随者 v.跟踪,/teɪl/,tail,,
fur,n.（动物浓厚的）软⽑；⽑⽪,/fɜː(r)/,,,
plant,n.植物；作物；⻋间；装置；⼯⼚；发电 ⼚ v.种植；栽培；安置；放置,/plɑːnt/,plant,,
flower,n.花；花朵,/ˈflaʊə(r)/,flow-er,,
grass,n.草；草地；⼤⿇；告密者 v.使吃草；放 牧；告发,/ɡrɑːs/,grass,,
tree,n.树；树⽊；乔⽊,/triː/,tree,,
leaf,n.叶，叶⼦；树叶(复数是leaves),/liːf/,leaf,,
bamboo,n.⽵，⽵⼦,/ˌbæmˈbuː/,,,
forest,n.森林；林区,/ˈfɒrɪst/,for-est,,
place,n.地⽅；地点；⽅位 v.安置；安放,/pleɪs/,place,,
beach,n.海滩；沙滩,/biːtʃ/,beach,,
airport,n.机场，私⼈⻜机降落场；航空站（港）,/ˈeəpɔːt/,air-port,,
bank,n.银⾏；岸；河畔,/bæŋk/,bank,,
bookshop,n.书店,/ˈbʊkʃɒp/,,,
bookstore,n.(美)书店,/ˈbʊkstɔː(r)/,,,
cinema,n.电影院；电影,/ˈsɪnəmə/,cin-e-ma,,
factory,n.⼯⼚；制造⼚,/ˈfæktri/,fac-to-ry,,
farm,n.农场；农庄 v.耕种；务农；种⽥；饲养,/fɑːm/,farm,,
garden,n.花园，果园；园⼦ v.从事园艺,/ˈɡɑːdn/,gar-den,,
gym,n.（gymnasium）体育馆，健⾝房,/dʒɪm/,,,
stadium,n.体育场；运动场,/ˈsteɪdɪəm/,,,
museum,n.博物馆，博物院,/mjuˈziːəm/,mu-se-um,,
office,n.办公室，办公楼，办事处，公司,/ˈɒfɪs/,of-fice,,
park,n.公园；停⻋场 v.停放；停⻋,/pɑːk/,park,,
restaurant,n.饭店；餐厅；餐馆,/ˈrestrɒnt/,res-tau-rant,re-|再 + staur-|恢复 + -ant|...的,恢复精力之处 → 餐馆
hospital,n.医院,/ˈhɒspɪtl/,hos-pi-tal,hospit-|客人/招待 + -al|...的,招待病人之处 → 医院
station,n.站；所；局；⻋站，⽕⻋站；公共汽⻋ 站，⻓途汽⻋站,/ˈsteɪʃn/,sta-tion,,
supermarket,n.超市；超级市场,/ˈsuːpəmɑːkɪt/,su-per-mar-ket,super-|超级 + market|市场,超级市场 → 超市
theatre,n.(theater)戏院，剧院；剧场,/ˈθɪətə(r)/,the-a-tre,,
hotel,n.旅馆；酒店；饭店；宾馆,/həʊˈtel/,ho-tel,,
shop,n.商店 v.去买东西；购物,/ʃɒp/,shop,,
grocery,n.⻝品杂货店；pl.⻝品杂货,/ˈɡrəʊsəri/,,,
zoo,n.动物园,/zuː/,zoo,,
hall,n.⼤厅；礼堂；⻔厅,/hɔːl/,,,
crossing,n.安全通⾏处；⼈⾏横道；交会处；⼗字 路⼝ v.穿过；交叉；cross的现在分词,/ˈkrɒsɪŋ/,,,
building,n.建筑物；房⼦，楼房 v.建筑；build的 现在分词,/ˈbɪldɪŋ/,build-ing,,
bridge,n.桥；桥梁,/brɪdʒ/,bridge,,
central,"adj.中⼼的,中央的,重要的,主要的,中枢的",/ˈsentrəl/,,,
front,n.前⾯；前部;adj.前⾯的；前部的,/frʌnt/,,,
far,adj.远的；较远的；遥远的；远端的 adv.远；（离......）有多远,/fɑː(r)/,,,
near,adj.近的 prep.靠近；在......附近 adv.近 地；接近地,/nɪə(r)/,,,
left,adj.左边的 v.离开；leave的过去式和过去 分词 n.左；左边 adv.向左；在左边,/left/,,,
right,adj.右边的；正确的；（意⻅或判断）准 确，确切，恰当 n.权利；右边 adv.正确 地；直接地；向右 v.扶直；纠正,/raɪt/,right,,
east,adj.东⽅的；东部的，东边的；从向东来 的 adv.向东；朝东；在东⽅ n.东部，东 边；东；东⽅,/iːst/,,,
west,adj.向西的；西部的，西⽅的 adv.向西 ；朝西 n.西，西⽅，西部,/west/,,,
south,n.南部；南⽅；南⻛；南 adj.南（⽅）的 ；向南的；从南来的 adv.在南⽅；向南⽅ ；⾃南⽅,/saʊθ/,,,
north,"n.北，北⽅，北部 adj.北,北⽅的 adv.在 北⽅,向北⽅",/nɔːθ/,,,
here,adv.这⼉ adv.在这⾥，向这⾥,/hɪə(r)/,,,
there,adv.(表⽰某事物存在或发⽣)；（在）那 ⾥;(与be连⽤）有,/ðeə(r)/,,,
in,prep.在......⾥，在内，在中；在（将来 ⼀段时间）之后；⽤；以；穿着，戴着 adv.在家；在⾥⾯,/ɪn/,,,
out,adv.在外；出去；外出；离开 prep.向外 ；在外⾯ adj.外⾯的；出局的 v.使熄灭 ；揭露；驱逐,/aʊt/,,,
up,adv.向上；（太阳）升起；⾯朝上；(尤指 异常或不愉快的事)发⽣；起床；（⼀段时 间）已结束，已过去,/ʌp/,,,
down,adj.向下的；沮丧的；情绪低落的；悲哀 的 adv.向下 prep.沿......向下,/daʊn/,,,
on,prep.在......上⾯；关于；到......上⾯；在 （某位置）,/ɒn/,,,
above,"adv.（⽔平）超过，更多，更⼤；在上⾯ prep.在上⾯；在之上 adj.上述的,上⽂的",/əˈbʌv/,a-bove,,
over,adv.结束了；完了；......过来；越过；⼤ 于；在另⼀边 prep.在......上⽅；超过 ；从⼀边到另⼀边，在期间；越过；遍于 ......之上；除（分数线）,/ˈəʊvə(r)/,o-ver,,
under,prep.在......下⾯；在......下⽅,/ˈʌndə(r)/,un-der,,
before,adv.以前；之前，过去 prep.在......以前 ；先于 conj.在......以前,/bɪˈfɔː(r)/,,,
behind,prep.在......后⾯ adv.在后⾯,/bɪˈhaɪnd/,be-hind,,
beside,prep.在......旁边，在......近旁；在旁边 ；在附近,/bɪˈsaɪd/,be-side,,
between,prep.（空间或时间上）在......之间 adv.（空间或时间上）介于......之间,/bɪˈtwiːn/,be-tween,,
inside,prep.在⾥⾯；在......内 n.内部；⾥⾯ adj.内部的；⾥⾯的 adv.在（或向）⾥⾯,/ˌɪnˈsaɪd/,in-side,in|里 + side|边,里边 → 里面
outside,prep.在......外⾯ adv.在外⾯ adj.外⾯的 ；外界的 n.外⾯；外边；外部,/ˌaʊtˈsaɪd/,out-side,out|外 + side|边,外边 → 外面
around,adv.到处；向各处；在附近；环绕；⼤约 prep.在......周围；环绕；围绕,/əˈraʊnd/,a-round,,
top,n.顶；顶部；表⾯；顶端 v.胜过；超过 ；居......之⾸ adj.最⾼的；极棒的,/tɒp/,,,
country,n.国家，农村,/ˈkʌntri/,coun-try,,
national,⺠族,/ˈnæʃnəl/,na-tion-al,nation|国家 + -al|...的,国家的 → 全国的
foreign,adj.外国的；外来的,/ˈfɒrən/,for-eign,,
language,n.语⾔,/ˈlæŋɡwɪdʒ/,lan-guage,,
Asia,n.亚洲,/ˈeɪʃə/,,,
Africa,n.⾮洲,/ˈæfrɪkə/,,,
America,n.美洲；美国,/əˈmerɪkə/,,,
American,adj.美国⼈的；美国的；美洲的 n.美国⼈ ；美洲⼈,/əˈmerɪkən/,,,
Australia,n.澳⼤利亚；澳洲,/ɒˈstreɪliə/,,,
China,n.中国,/ˈtʃaɪnə/,,,
Canada,n.加拿⼤,/ˈkænədə/,,,
UK,abbr.英国；UnitedKingdom的缩写,/ˌjuː ˈkeɪ/,,,
England,n.（英国）英格兰,/ˈɪŋɡlənd/,,,
French,n.法语；法国⼈ adj.法国的；法国⼈的 ；法语的,/frentʃ/,,,
city,n.城市，都市,/ˈsɪti/,cit-y,,
capital,n.⾸都；⾸府；国都；⼤写字⺟；财富 adj.⼤写的,/ˈkæpɪtl/,,,
London,n.伦敦（英国⾸都）,/ˈlʌndən/,,,
countryside,n.乡村，农村,/ˈkʌntrisaɪd/,,,
village,n.村庄；村镇；乡村 adj.村庄的,/ˈvɪlɪdʒ/,vil-lage,,
downtown,n.市中⼼区；（市中）商业区 adj.市区的 adv.在市区；往市区,/ˌdaʊnˈtaʊn/,,,
hometown,n.家乡；故乡,/ˈhəʊmtaʊn/,,,
invent,v.发明；创造,/ɪnˈvent/,in-vent,,
invention,n.发明物，发明,/ɪnˈvenʃn/,,,
printing,n.印刷；打印；印刷术 v.打印；印刷 ；print的现在分词,/ˈprɪntɪŋ/,,,
computer,n.计算机；电脑,/kəmˈpjuːtə(r)/,com-put-er,com-|共同 + put-|计算 + -er|器具,计算的器具 → 计算机
Internet,n.(国际)互联⽹；因特⽹,/ˈɪntənet/,in-ter-net,,
robot,n.机器⼈,/ˈrəʊbɒt/,ro-bot,,
science,n.科学,/ˈsaɪəns/,sci-ence,,
space,n.⼤⽚空地；空隙；空间；太空；空格 ；空⽩ v.以⼀定间隔排列,/speɪs/,space,,
planet,n.⾏星,/ˈplænɪt/,,,
star,n.明星；星；星状物,/stɑː(r)/,star,,
spaceship,n.宇宙⻜船；太空船,/ˈspeɪsʃɪp/,,,
rocket,n.⽕箭 v.⻜速上升；骤增,/ˈrɒkɪt/,,,
a,art.⽤于单数可数名词前，表⽰⼀个 字⺟ A的⼩写，英语字⺟表的第个字⺟,/ə/,,,
an,art.⼀个（在下⼀单词为元⾳开头时代替 a）,/æn/,,,
the,（指已提到或易领会到的⼈或事物）这个 ；那个,/ðə/,,,
is,"v.是(⽤于he,she,it及单数可数名词后)",/ɪz/,,,
are,"v.是；就是(⽤于we,you,they及复数名词 作主语)",/ɑː(r)/,,,
and,conj.和，与；并且,/ənd/,,,
but,conj.但是；然⽽ prep.除......以外 adv.只能；仅仅,/bʌt/,,,
or,conj.或，或者，还是；(⽤于否定句中)也 不，也没...,/ɔː/,,,
so,adv.如此；这样；（表⽰⼤⼩或数量）这 么，那么；很；也 conj.所以,/səʊ/,,,
because,conj.因为,/bɪˈkɒz/,,,
if,conj.如果；是否；当......时候,/ɪf/,,,
can,v.能；能够；会；可以 n.(美)罐⼦；罐头 ；⾦属罐,/kæn/,,,
will,auxv.将要，会；愿意 v.愿意；遗赠 n.意 志；意愿；遗嘱 may 768 modal.可以，有可能，也许 /meɪ/,/wɪl/,,,
lively,adj.生动的；活泼的；精力充沛的,/ˈlaɪvli/,live-ly,,
might,modalv.可能；可以；也许；应该 ；may的过去式 n.威⼒；强⼤⼒量,/maɪt/,,,
must,auxv.必须；⼀定要；应该 n.必须做的事 ；必不可少的事物,/mʌst/,,,
should,auxv.应该；应当；可以；shall的过去式,/ʃʊd/,,,
shall,modalv.将要；将会；要不要......,/ʃæl/,,,
at,prep.在(某处某时间或时刻);(提供电话号 码等时使⽤)按照;根据,/æt/,,,
to,prep.（距整点）差......；到，对，向 ，在...之前（动词不定时符号，⽆词义）,/tu/,,,
of,prep.属于(某⼈或某物);关于(某⼈或某物),/ɒv/,,,
by,prep.在之前；靠近；在旁边；乘（汽⻋ ⽕⻋等）；（表⽰⽅式，如乘⻋等）；通 过；按照 adv.经过,/baɪ/,,,
for,"prep.（表⽰对象，⽤途等）给；因为 ...；对于...；为了，供；适合于;当作,作 为",/fɔː(r)/,,,
off,prep.离开；不⼯作；从......去掉；脱落 adv.离开；不⼯作；从......去掉；断开 ；休假；休息；减价 v.⾛开 adj.远离的 ；空闲的,/ɒf/,,,
from,prep.⾃，从，由；(表⽰开始的时间)从 ......开始；（表⽰来源）来⾃，从来,/frɒm/,,,
with,prep.与......在⼀起，同，跟,/wɪð/,,,
into,prep.进⼊，到......⾥⾯,/ˈɪntu/,,,
than,prep./conj.（⽐较数量距离等）多于，少 于；（⽤于引出⽐较的第⼆部分）⽐,/ðæn/,,,
until,prep.到......时；直到......为⽌ conj.到 ......时；直到......为⽌,/ʌnˈtɪl/,un-til,,
about,prep.关于；⼤约，左右；⼤概；涉及 adv.⼤约；到处,/əˈbaʊt/,a-bout,,
after,prep.在......之后；在（时间）后；在后 ⾯ adv.以后；后来,/ˈɑːftə(r)/,,,
I,pron.我（主语） n.碘（元素iodine的符 号）,/aɪ/,,,
me,pron.我(I的宾格形式),/miː/,,,
you,pron.你；您；你们,/juː/,,,
he,n.他 pron.他,/hiː/,,,
him,pron.他（⽤作宾语或表语）,/hɪm/,,,
she,pron.她（主格）,/ʃi/,,,
it,pron.它，这，那,/ɪt/,,,
they,pron.他们；它们；她们,/ðeɪ/,,,
them,pron.他们；她们；它们(宾格),/ðəm/,,,
we,pron.我们,/wiː/,,,
us,pron.我们(we的宾格) /ʌs/,,,,
my,pron.我的,/maɪ/,,,
your,pron.你的；你们的,/jɔː(r)/,,,
his,pron.他的（he的所有格）,/hɪz/,,,
her,pron.她(宾格)；她的,/hə(r)/,,,
its,pron.它的（所有物）；他的；她的,/ɪts/,,,
their,pron.他们的，她们的；它们的,/ðeə(r)/,,,
our,det.我们的,/ˈaʊə(r)/,,,
mine,pron.我的（所有物） n.矿；地雷 v.采矿 ；埋地雷,/maɪn/,,,
yours,pron.你的，您的，你们的，您真挚的 （⽤于信函的结尾）,/jɔːz/,,,
myself,pron.我⾃⼰，我本⼈，我亲⾃,/maɪˈself/,my-self,my|我的 + self|自己,我自己
yourself,pron.(pl.yourselves)你⾃⼰；你们⾃⼰ ；您⾃⼰,/jɔːˈself/,your-self,your|你的 + self|自己,你自己
what,"det.什么,多么,......的事物",/wɒt/,,,
which,det.哪⼀个，哪⼀些 pron.哪⼀个，哪⼀ 些 adj.哪⼀个，哪⼀些,/wɪtʃ/,,,
who,pron.谁，什么⼈（谁是）,/huː/,,,
whose,adj.谁的；（特指）那个⼈的 pron.谁的 ；（特指）那个⼈的,/huːz/,,,
this,adj.这 pron.这个 adv.这个；这样；这么,/ðɪs/,,,
these,pron.这些；this的复数 adj.这些的,/ðiːz/,,,
that,adj.那；那个；那样的 pron.那⼉；那⾥ conj.那（引导从句） adv.那个；那么 ；那样,/ðæt/,,,
those,adj.那些的 pron.那些；that的复数,/ðəʊz/,,,
both,pron.两者，两者都 det./adj.两者的，两 个；两个都 conj.不仅......⽽且......,/bəʊθ/,,,
all,adj.全部的 adv.全部地 n.所有，全部,/ɔːl/,,,
other,adj.另外的;其他的;另外的⼈(或物),/ˈʌðə(r)/,oth-er,,
another,adj.⼜⼀个的；另⼀个的 pron.⼜⼀；另 ⼀；不同的（⼀个）,/əˈnʌðə(r)/,an-oth-er,,
every,adj.每，每隔；每⼀，每个,/ˈevri/,,,
each,pron.（两个或两个以上物或⼈中的）每 个；各⾃ adj.各⾃的；每个的,/iːtʃ/,,,
everyone,pron.⼈⼈，每个⼈；所有⼈,/ˈevriwʌn/,ev-ery-one,every|每 + one|一个,每一个人
everywhere,adv.到处；处处；各个地⽅；所有地⽅ pron.到处；处处；各个地⽅；所有地⽅,/ˈevriweə(r)/,ev-ery-where,every|每 + where|哪里,每个地方 → 到处
something,pron.某事；某物；某种东西,/ˈsʌmθɪŋ/,,some|某 + thing|事物,某件事物
nothing,pron.⽆关紧要的东西；没有什么；没有 任何东西；没有事,/ˈnʌθɪŋ/,noth-ing,no|没有 + thing|事物,没有事物
many,det.许多，⼤量 pron.许多（⼈或物）,/ˈmeni/,,,
few,adj.（表⽰否定的）很少的；不多的；⼏ 乎没有的 n.⼏个；⼏乎没有 pron.不多 ，很少；⼀些；很少⼈,/fjuː/,,,
much,adv.⾮常地 adj.多；许多 pron.许多，⼤ 量,/mʌtʃ/,,,
more,det.另外的，更多的，较多的；更⼤的 adv.更多（much或many的⽐较级 ）；更,/mɔː(r)/,,,
less,adv.较⼩，少；较少地；更少地；little的 ⽐较级 adj.较少的，更少的；little的⽐较 级 pron.较少；更少,/les/,,,
lot,n.许多；命运；阄；签；⼟地；份额，产 品批次 adv.很；⾮常,/lɒt/,,,
some,adj.⼀些；某些 pron.有些；若⼲,/sʌm/,,,
any,det.任何的；任⼀的 pron.任⼀，任何 ，⼀些,/ˈeni/,,,
thing,n.东西，物品；⽤品，⽤具；事情,/θɪŋ/,thing,,
matter,n.事情；问题；物质；⿇烦 v.（尤指对某 ⼈⾃⼰或对发⽣之事）重要，要紧，有关 系，有重⼤影响,/ˈmætə(r)/,,,
idea,n.主意，想法,/aɪˈdɪə/,i-de-a,,
kind,adj.亲切的；和蔼的；和善的；友好的 ，善意的，体贴的 n.种类,/kaɪnd/,kind,,
pity,v.怜悯；同情 n.怜悯；同情；憾事；遗憾 ，可惜,/ˈpɪti/,,,
rule,n.规则；条例；规章；统治 v.统治；⽀配 /ruːl/ ；裁决,,rule,,
dream,v.做梦;梦想；梦⻅ n.梦;梦想，愿望，理 想;梦寐以求的事,/driːm/,dream,,
breath,"n.呼吸；呼⽓；呼出的⽓；呼吸的空⽓ ；⼀⼝⽓；吸⼊的⽓;微量,迹象",/breθ/,,,
habit,n.习惯,/ˈhæbɪt/,hab-it,,
peace,n.宁静，平静；和平；太平,/piːs/,peace,,
noise,n.声⾳；噪声；嘈杂声；喧闹声；噪⾳,/nɔɪz/,,,
feature,n.特⾊；特点；特征；报刊特写 v.以 ......为特⾊；是......的重要组成；放映,/ˈfiːtʃə(r)/,,,
shadow,n.影⼦；阴影；阴暗 v.投阴影于；跟踪,/ˈʃædəʊ/,,,
mistake,n.错误；失误 v.弄错；误解；误会,/mɪˈsteɪk/,mis-take,,
question,n.问题；疑问 v.询问；怀疑,/ˈkwestʃən/,ques-tion,quest-|寻求 + -ion|名词后缀,寻求答案 → 问题
problem,n.⿇烦，困难，问题；难题,/ˈprɒbləm/,prob-lem,,
machine,n.机器；机器装置,/məˈʃiːn/,ma-chine,,
ticket,n.票；⼊场券；交通法规罚款单,/ˈtɪkɪt/,tick-et,,
prize,n.奖赏；奖品；奖⾦；战利品 v.珍视；珍 藏；估价,/praɪz/,,,
money,n.钱；财富,/ˈmʌni/,,,
silk,n.（蚕）丝；丝绸；丝织物,/sɪlk/,,,
end,n.末端；结束；结尾；终⽌；尽头；⽬标 v.结束；终⽌,/end/,end,,
kite,n.⻛筝,/kaɪt/,kite,,
ball,n.球；球类运动,/bɔːl/,ball,,
doll,n.玩偶，玩具娃娃,/dɒl/,,,
toy,n.玩具,/tɔɪ/,toy,,
start,v.开始（做某事）；着⼿ n.开头，开端,/stɑːt/,start,,
begin,v.开始,/bɪˈɡɪn/,be-gin,,
finish,v.结束；完成，做完；做好 n.最后部分 ，结尾，结局,/ˈfɪnɪʃ/,fin-ish,,
stop,v.停⽌，终⽌；停下；阻⽌ n.⻋站，停⻋ 站；停⽌；阻⽌；停留,/stɒp/,stop,,
become,v.变成；成为；开始变得,/bɪˈkʌm/,be-come,,
come,v.来；来到，达到,/kʌm/,come,,
go,v.出发，离去；试；努⼒；⾏⾛；去；⾛ ；开始；移动,/ɡəʊ/,go,,
bring,v.带到某处；带来(过去式为brought),/brɪŋ/,bring,,
take,v.搭乘；乘坐（⻋/船/⻜机等）；带⾛ ；拿⾛；学习；上（课）；把带往；选择 要；选择购买；拿；带领；接受；花费 ；做（某个动作）,/teɪk/,take,,
give,v.给予；发出；提供 /ɡɪv/,,give,,
get,v.到达；得到；接到；获得；使做（某事 ）；收到；变得,/ɡet/,get,,
borrow,v.借⼊；借来；借⽤；(向某⼈从某⼈)借,/ˈbɒrəʊ/,bor-row,,
return,v.回来；回去；返回；归还;退还 n.返回 ；归还,/rɪˈtɜːn/,re-turn,re-|回 + turn|转,转回来 → 返回
do,auxv.v.(第三⼈称单数形式does)⽤于构成 否定句和疑问句；做；⼲；办,/duː/,,,
use,v.使⽤；利⽤ n.使⽤；⽤途,/juːz/,use,,
let,v.让；允许；放开；出租,/let/,let,,
have,v.有，拥有；吃，喝；举⾏ aux.已经（构 成现在完成时）,/hæv/,,,
wish,n.希望；祝福；愿望 v.祝愿；希望,/wɪʃ/,wish,,
hope,n.希望；期望 v.希望；期望；指望,/həʊp/,hope,,
want,v.要，想要；希望,/wɒnt/,want,,
need,n.需要；需要的事物 v.需要,/niːd/,need,,
keep,v.（使）保持，处于；保有，保留；记录 ；存...,/kiːp/,keep,,
stay,v.停留；待；保持 n.停留；逗留,/steɪ/,stay,,
know,v.知道；了解；明⽩，懂得 v.给（某⼈）看；展⽰；表明；给......看 n.演出；表演；展览会；表现；节⽬；⾳,/nəʊ/,know,,
show,ʃəʊ/ 乐会,,show,,
find,v.(过去式过去分词found)找到；找回；发 现,/faɪnd/,find,,
live,v.⽣活；居住；活着 adj.活的；现场直播 的；实况转播的,/lɪv/,live,,
move,v.移动；搬动；（使）改变位置；搬家 n.⾏动；移动,/muːv/,move,,
wait,"v.(for)等，等待,等候 n.等待,等待时间 ；等候",/weɪt/,wait,,
leave,v.离开；使保留；把......留下；忘了带 ，丢下；离开；遗弃 n.假期，休假,/liːv/,leave,,
guess,v.猜，猜测；估计 n.猜测；猜想,/ɡes/,guess,,
think,v.认为；想；思考 n.思考,/θɪŋk/,think,,
forget,v.忘记做；忘记；遗忘,/fəˈɡet/,for-get,,
miss,v.思念；想念；怀念（某⼈）；错过；漏 掉 n.错过,/mɪs/,miss,,
join,v.参与；加⼊（某项活动），参加；连接 ；与⼀道去,/dʒɔɪn/,join,,
win,v.获胜；赢；获得 n.胜利；赢得,/wɪn/,win,,
lose,v.失去；丧失；丢失；输掉,/luːz/,lose,,
choose,v.选择；挑选(过去式是chose),/tʃuːz/,choose,,
collect,v.收集，采集；使集中；搜集,/kəˈlekt/,col-lect,,
cut,v.剪；切；割；削；切成，割成；缩减 /kʌt/ ；削减 n.切；割；伤⼝；削减,,cut,,
fix,v.修理；安装；固定；确定；解决（问题 ）,/fɪks/,fix,,
fly,v.放（⻛筝⻜机模型等）；⻜，⻜⾏,/flaɪ/,fly,,
build,v.创建；建筑；建造；逐步加强 n.⾝材 ；构造；体格；体形,/bɪld/,build,,
tidy,v.收拾；使整洁；整理 adj.整洁的；整⻬ 的,/ˈtaɪdi/,,,
clean,v.打扫；使⼲净 adj.整洁的；洁净的；⼲ 净的,/kliːn/,clean,,
sweep,v.扫；打扫，清扫；扫地；掠过；扫荡 n.扫；打扫；掠过；席卷,/swiːp/,,,
wash,v.洗；洗涤,/wɒʃ/,wash,,
feed,v.养活；提供⻝物；喂养；饲养；给⻝物 n.饲养；喂养,/fiːd/,,,
follow,v.遵循；跟着；听从;跟随；遵守规则；仿 效；跟得上,/ˈfɒləʊ/,fol-low,,
help,v.帮助；帮忙；救命 n.帮助，救助 int.救 命(呼救⽤语),/help/,help,,
solve,v.解决（问题）;解答；处理,/sɒlv/,,,
worry,v.担⼼；担忧；发愁；使担忧，使发愁 n.令⼈担忧的事；担⼼；忧虑,/ˈwʌri/,wor-ry,,
happen,v.发⽣，出现，碰巧，凑巧,/ˈhæpən/,hap-pen,,
practise,v.训练；练习,/ˈpræktɪs/,,,
report,n.报告；报道，新闻报道；公布 v.报告 ；报道；公布,/rɪˈpɔːt/,re-port,re-|回 + port|运载,运载回来 → 报告
break,n.中断，暂停；休息；间断；破裂 v.（使 ）破碎；裂；损坏；打破；打断；休息 ；违犯，背弃,/breɪk/,break,,
hurt,v.受伤；（使）疼痛 n.伤痛 adj.受伤的,/hɜːt/,,,
try,v.尝试；试图；设法；努⼒ n.尝试；试图,/traɪ/,try,,
turn,v.转⾝；翻转；转弯；转动；转变 n.轮流 ，（轮流的）顺序，轮到的机会；拐弯 ；转变,/tɜːn/,turn,,
young,adj.年幼的；年轻的；岁数不⼤的,/jʌŋ/,young,,
old,adj.......岁的 adj.⽼的，年纪⼤的；年代 久远的,/əʊld/,old,,
strong,adj.强壮的；健壮的；强的，强⼤的；浓 烈的,/strɒŋ/,strong,,
smart,adj.聪明的；机敏的；敏捷的；时髦的 ；⾐冠楚楚的，⾐着讲究的 v.剧痛；刺痛,/smɑːt/,smart,,
clever,adj.聪明的；聪颖的；灵巧的,/ˈklevə(r)/,clev-er,,
cute,adj.漂亮的，逗⼈喜爱的，可爱的,/kjuːt/,cute,,
lovely,可爱的，美丽的，美好的；优美的；迷⼈ 的；令⼈愉快的,/ˈlʌvli/,love-ly,,
pretty,"adj.漂亮的,美丽的，可爱的,优美的,机灵 的,恰当的 adv.相当；⼗分；很；⾮常",/ˈprɪti/,pret-ty,,
beautiful,adj.漂亮的；美丽的；美好的,/ˈbjuːtɪfl/,beau-ti-ful,beauty|美 + -ful|充满...的,充满美的 → 美丽的
handsome,adj.（男⼦）英俊的，漂亮的；⼤⽅的 ，慷慨的，美观的,/ˈhænsəm/,hand-some,,
quiet,adj.安静的，不出声的 n.宁静，平静,/ˈkwaɪət/,qui-et,,
shy,adj.腼腆的；胆怯的；害羞的,/ʃaɪ/,,,
polite,"adj.有礼貌的,客⽓的,有教养的,⽂雅的",/pəˈlaɪt/,po-lite,,
naughty,adj.顽⽪的；淘⽓的,/ˈnɔːti/,,,
friendly,adj.友好的，友善的,/ˈfrendli/,,,
careful,adj.⼩⼼的；注意；细致的，精⼼的，慎 重的,/ˈkeəfl/,care-ful,care|关心 + -ful|充满...的,充满关心的 → 仔细的
careless,adj.粗⼼的;不⼩⼼的,/ˈkeələs/,care-less,care|关心 + -less|没有...的,没有关心的 → 粗心的
popular,adj.受⼤众喜爱的，受欢迎的；流⾏的;普 遍的；（⾳乐艺术等）⼤众的，通俗的,/ˈpɒpjələ(r)/,pop-u-lar,popul-|人民 + -ar|...的,属于人民的 → 流行的
strict,adj.要求严格的，严厉的，严谨的，精确 的,/strɪkt/,,,
hard-working,adj.⼯作努⼒的；⾟勤的,/ˌhɑːd ˈwɜːkɪŋ/,,,
active,adj.忙碌的；活跃的；积极的；主动的,/ˈæktɪv/,,,
famous,adj.著名的；出名的,/ˈfeɪməs/,fa-mous,,
busy,adj.忙，忙碌的，忙于(做某事),/ˈbɪzi/,bus-y,,
free,adj.⾃由的；免费的；空闲的 adv.⾃由地 ；免费地 v.释放,/friː/,free,,
poor,adj.贫穷的；可怜的；不擅⻓的；不好的 /pɔː(r)/ ，差的，次的；,,poor,,
fresh,adj.新鲜的；淡的，⽆盐的；清新的；刚 发⽣的；⽆经验的,/freʃ/,fresh,,
delicious,adj.美味的，可⼝的；令⼈愉快的,/dɪˈlɪʃəs/,,,
dry,adj.⼲的；⼲燥的；⼲旱的 v.变⼲,/draɪ/,dry,,
wet,adj.湿的；潮湿的；下⾬的，多⾬的 v.使 潮湿；把......弄湿,/wet/,wet,,
dirty,adj.脏的；污秽的 v.使变脏,/ˈdɜːti/,dir-ty,dirt|灰尘 + -y|...的,有灰尘的 → 脏的
safe,adj.处境（或情况）安全；安全的;平安的 ；⽆危险的,/seɪf/,safe,,
dangerous,adj.有危险的;不安全的；有危害的,/ˈdeɪndʒərəs/,dan-ger-ous,danger|危险 + -ous|...的,有危险的 → 危险的
high,adj.有某⾼度的；⾼的 adv.在⾼处，向⾼ 处,/haɪ/,high,,
deep,adj.低沉的；深的，纵深的；（呼吸或叹 息）深深的；厚的；宽的 adv.深深地；⾄ 深处 n.深处,/diːp/,deep,,
wide,adj.宽的；宽阔的；⼴泛的 adv.⼴阔地 ；⼴⼤地；张⼤地,/waɪd/,wide,,
little,adj.⼩的，年幼的；可爱的，可怜的，讨 厌的,/ˈlɪtl/,,,
new,adj.新的;刚出现的 adj.最好的；最多的；最⼤的；good的最 ⾼级 adv.最好地；最多地；最⼤地 ；well的最⾼级 n.最⾼⽔平；最佳物；佼,/njuː/,new,,
best,best/ 佼者,,,,
bad,adj.差的；邪恶的，坏的；不适合的；质 量差的；感到愧疚；令⼈不快的,/bæd/,bad,,
wrong,adj.有⽑病的；错误的；有问题的 n.错误 adv.错误地,/rɒŋ/,wrong,,
easy,adj.容易的；不费⼒的,/ˈiːzi/,eas-y,,
difficult,adj.困难的，不易的,/ˈdɪfɪkəlt/,dif-fi-cult,dif-|否定 + fic-|做 + -ult|...的,不容易做的 → 困难的
different,adj.不同的，不⼀样的，有区别的,/ˈdɪfrənt/,dif-fer-ent,dif-|分开 + fer-|带 + -ent|...的,分开带走的 → 不同的
important,adj.重要的；重⼤的,/ɪmˈpɔːtnt/,im-por-tant,im-|进入 + port-|运载 + -ant|...的,运载进来的 → 重要的
useful,adj.有⽤的，实⽤的，有帮助的,/ˈjuːsfl/,use-ful,use|使用 + -ful|充满...的,充满用途的 → 有用的
helpful,adj.有帮助的，有好处的，有⽤的，有益 的,/ˈhelpfl/,,,
perfect,adj.完全的；完美的；正合适；极好的 v.使完美 n.(动词的)完成式,/ˈpɜːfɪkt/,per-fect,,
fantastic,adj.极好的，美妙的，了不起的，吸引⼈ 的，有趣的，幻想的，奇异的，稀奇古怪 的，荒谬的,/fænˈtæstɪk/,,,
wonderful,adj.极好的；令⼈⾼兴的；奇妙的；精彩 的；绝妙的,/ˈwʌndəfl/,won-der-ful,wonder|奇迹 + -ful|充满...的,充满奇迹的 → 精彩的
favourite,adj.最喜欢的；特别受喜爱的 n.特别喜爱 的事物,/ˈfeɪvərɪt/,fa-vour-ite,,
ready,"adj.有准备的，准备好（做某事）的；情 愿的，现成的，迅速的 loud adj.响亮的；⼤声的，⾼声的,不断的,喧吵 970 /laʊd/ 的 adv.⾼声地,响亮地；⼤声地",/ˈredi/,read-y,,
frighten,v.使惊吓；使害怕,/ˈfraɪt(ə)n/,fright-en,,
dear,adj.亲爱的；宝贵的；昂贵的 n.亲爱的⼈ ；可爱的⼈ excl.哎呀,/dɪə(r)/,,,
broken,adj.出了⽑病的；破损的；残缺的；弄坏 的 v.打破；打断；休息；break的过去分 词,/ˈbrəʊkən/,,,
special,n.特⾊菜；特价；特派员；专⻋；特别的 物品 adj.特别的；特殊的,/ˈspeʃl/,spe-cial,,
secret,n.秘密；秘诀;诀窍； adj.秘密的；保密的 ；隐秘的,/ˈsiːkrət/,se-cret,,
true,adj.符合事实的；真实的；真的；确实的 ；真正的；实质的 n.真相,/truː/,true,,
only,adv.只；仅仅；只有 adj.唯⼀的；仅有的,/ˈəʊnli/,on-ly,,
not,adv.不，不是，没有,/nɒt/,,,
too,adv.太，过于，过分；也，还，⼜,/tuː/,too,,
also,adv.还；也，⽽且,/ˈɔːlsəʊ/,al-so,,
very,adv.⾮常；很；⼗分 adj.恰好是，正是,/ˈveri/,ver-y,,
just,adv.刚才；⽅才；只是；只不过；正好 ；恰好；就；仅仅；刚刚 adj.公正的；正 当的；合理的,/dʒʌst/,,,
again,adv.⼜⼀次，再⼀次,/əˈɡen/,a-gain,,
nearly,adv.⼏乎；将近；差不多,/ˈnɪəli/,,,
really,adv.真正地；的确；很；⼗分；⾮常；确 /ˈriːəli/ 实；答话时表⽰感兴趣或惊讶,,real-ly,real|真实 + -ly|副词后缀,真实地 → 真的
still,adv.仍然；依旧；还是 adj.静⽌的；不动 的；平静的,/stɪl/,still,,
sure,adv.当然；当然可以；确定 adj.确信；必 定的,/ʃʊə(r)/,sure,,
together,adv.⼀起，在⼀起，共同，⼀⻬，⼀块⼉,/təˈɡeðə(r)/,to-geth-er,,
away,adv.在（时间或空间上）离开；在（某距 离）处；远离；在别处；去别处，朝另⼀ 个⽅向,/əˈweɪ/,a-way,,
else,adj.别的；其他的 adv.另外，其他；别的 ，另外的（⽤于表⽰不同的⼈事物地⽅等 ）,/els/,else,,
maybe,adv.有可能；也许；⼤概；可能（表⽰不 肯定），或许,/ˈmeɪbɪ/,may-be,,
quite,adv.相当；完全；⾮常；很;较为,/kwaɪt/,quite,,
hard,adj.⾟苦的，艰难的；坚硬的；困难的 ；费劲的 adv.努⼒地,/hɑːd/,hard,,
when,adv.什么时候，何时 conj.当...的时候,/wen/,,,
where,adv.哪⾥；在哪⾥，去哪⾥；到哪⾥,/weə(r)/,,,
why,adv.为什么 n.为什么,/waɪ/,,,
how,adv.怎么样，如何(尤在⻅⾯时⽤于询问对 ⽅情况),/haʊ/,,,
able,adj.能......的；有能⼒的；能够,/ˈeɪbl/,,,
actor,n.演员；男演员 /ˈæktə(r)/,,,,
actress,n.⼥演员,/ˈæktrəs/,,,
agree,v.同意；赞成；应允,/əˈɡriː/,a-gree,,
along,prep.沿着，顺着 adv.（与某⼈）⼀道 ，⼀起,/əˈlɒŋ/,a-long,,
anything,pron.(常⽤于否定句或疑问句)某事物；任 何事物；任何东西,/ˈeniθɪŋ/,,,
anywhere,adv.任何地⽅（⽤于否定句和疑问句 ）；在任何地⽅；随便哪个地⽅ pron.任 何地⽅,/ˈeniweə(r)/,an-y-where,any|任何 + where|哪里,任何地方
appear,v.（尤指突然）出现，呈现；似乎；显得,/əˈpɪə(r)/,ap-pear,,
argue,v.争吵；争论；争辩；说服；指出；表明,/ˈɑːɡjuː/,,,
as,conj.因为；由于；像；当......时；正如 ，如同；尽管 prep.作为；当作；如同;在 某⼀年龄段时 adv.作为；当作；如同；和 ......⼀样,/æz/,,,
attention,n.专⼼；注意⼒；注意；关注；照料,/əˈtenʃn/,at-ten-tion,at-|朝向 + tent-|伸展 + -ion|名词后缀,向某处伸展 → 注意力
awake,adj.醒着的 v.醒来；唤起,/əˈweɪk/,a-wake,,
balloon,n.⽓球；热⽓球；玩具⽓球；球状物 v.乘 热⽓球⻜⾏；膨胀；（使）激增,/bəˈluːn/,bal-loon,,
believe,v.相信；认为；信任,/bɪˈliːv/,be-lieve,,
bell,n.钟（声）；铃（声）；铃铛,/bel/,,,
bin,n.⼤⼝箱；垃圾箱，垃圾桶；仓 v.扔掉 料 /bɪn/ 仓,,,,
board,n.板；⽊板；董事会；布告牌 v.上船（或 ⽕⻋⻜机等）,/bɔːd/,board,,
boot,"n.美(⻓统)靴,靴⼦ v.踢",/buːt/,,,
born,v.出⽣；出世；⽣（孩⼦） adj.出⽣的 ；天⽣的,/bɔːn/,born,,
brave,adj.勇敢的；⽆畏的,/breɪv/,brave,,
canteen,n.(⼯⼚学校等)⻝堂；餐厅,/kænˈtiːn/,,,
chat,v.闲聊，闲谈，聊天 n.闲聊；聊天,/tʃæt/,,,
check,n.检查；核查；⽀票；⽅格图案 v.检查 ；查看；核查；核实；克制,/tʃek/,check,,
cheer,v.欢呼；加油；⿎励；喝彩；⿎舞；使⿎ 起精神 n.欢呼声；激励,/tʃɪə(r)/,,,
cheese,"n.奶酪；⼲酪,俚头等的⼈或事物",/tʃiːz/,,,
chess,n.（国际）象棋,/tʃes/,,,
chore,n.家务活；杂事；令⼈讨厌的或繁重的⼯ 作,/tʃɔː(r)/,,,
cleaner,n.清洁⼯⼈；清洁⼯具 adj.更洁净的；更 ⼲净的；clean的⽐较级,/ˈkliːnə(r)/,,,
climber,n.登⼭者；攀登者；攀缘植物,/ˈklaɪmə(r)/,,,
closet,n.壁橱；贮藏室 adj.隐藏的 n.云，云彩，云朵；云层 v.布满云；使不,/ˈklɒzɪt/,,,
cloud,klaʊd/ 清楚,,cloud,,
clown,n.⼩丑；丑⻆,/klaʊn/,,,
coal,n.煤；煤块,/kəʊl/,,,
colourful,adj.五彩缤纷的；丰富多彩的；⾊彩鲜艳 的,/ˈkʌləf(ə)l/,,,
comic,n.连环画杂志；漫画杂志；喜剧演员 adj.滑稽的，使⼈发笑的,/ˈkɒmɪk/,,,
company,n.公司；商号；商⾏；陪伴,/ˈkʌmpəni/,com-pa-ny,,
control,n.指挥（或控制）站；控制；限制;约束 ;管理 v.指挥；控制；限制；约束；管理,/kənˈtrəʊl/,,,
count,v.重要；数数；计算总数；清点；看作 ；有价值 n.计数；计算,/kaʊnt/,count,,
cross,v.穿过；交叉；穿越；横过 n.⼗字架；⼗ 字形记号 adj.恼怒的；⽣⽓的,/krɒs/,cross,,
cucumber,n.⻩⽠,/ˈkjuːkʌmbə(r)/,,,
curtain,"n.幕,帷幕;窗帘;帘,幔;覆盖物",/ˈkɜːtn/,,,
dancer,n.舞蹈演员；舞蹈家,/ˈdɑːnsə(r)/,danc-er,,
danger,n.危险；⻛险；威胁；危险物,/ˈdeɪndʒə(r)/,,,
dead,adj.死的；不运⾏的；枯萎的；去世的 ；失去⽣命的 n.死；死⼈ adv.完全地 ；绝对地,/ded/,dead,,
dentist,n.⽛医；⽛科医⽣,/ˈdentɪst/,,,
design,v.设计；计划；谋划；构思 n.设计；图案 ；花样；企图；图谋,/dɪˈzaɪn/,de-sign,,
dragon,n.⻰；悍妇,/ˈdræɡən/,,,
drive,v.开⻋；驾驶；驾⻋送（⼈）；迫使；促 使(某⼈做某事) n.动⼒,/draɪv/,drive,,
drop,v.落下；（使）掉落；把送⾄ n.滴；⽔珠 ；掉落；下落,/drɒp/,drop,,
either,adv.也（⽤于否定词组后） pron.两者中 的任何⼀个；（⽤于否定句）两者都不 conj.两者之⼀,/ˈaɪðə(r)/,ei-ther,,
energy,n.精⼒；⼒量；能量；能源,/ˈenədʒi/,en-er-gy,,
engineer,n.⼯程师；技师；设计师；机械师 v.设计 （⼯程）；策划,/ˌendʒɪˈnɪə(r)/,,,
enough,adj.⾜够的；充⾜的；充分的 adv.⾜够地 ；充分地；相当 pron.⾜够；充分 n.充⾜ ；⾜够 int.够了,/ɪˈnʌf/,e-nough,,
even,adv.甚⾄；即使；甚⾄于；连；愈加 adj.偶数的；平坦的 v.使平均；使相等 ；使平坦,/ˈiːv(ə)n/,,,
everybody,pron.每个⼈；⼈⼈；每⼈,/ˈevrɪbɒdɪ/,ev-ery-bod-y,every|每 + body|人,每个人
everything,pron.每样事物；每件事；⼀切；所有事 情（东西）；每样事情（东西）,/ˈevriθɪŋ/,ev-ery-thing,every|每 + thing|事物,每件事物
fail,v.失败；不及格；未能（做到）；⽆法做 到；使失望；衰退；倒闭 n.失败；不及格,/feɪl/,fail,,
field,n.⽥野；⽥，地；⽥地；运动场；领域 ；场地 v.处理，应付（问题电话等）,/fiːld/,,,
fight,v.打⽃；争论；打仗，打架；努⼒争取 ，为⽃争 n.战⽃；搏⽃；⽃争；打仗，打 架，争论；⽐赛,/faɪt/,,,
finally,adv.最后；最终，终于,/ˈfaɪnəli/,,,
firework,n.烟⽕，烟花；(pl.fireworks)烟花表演,/ˈfaɪəwɜːk/,,,
fishing,n.钓⻥；捕⻥业（或活动） v.钓⻥；捕⻥ ；fish的现在分词,/ˈfɪʃɪŋ/,fish-ing,,
fit,v.适合；合适，合⾝ adj.健康的；健壮的 ；适合的,/fɪt/,,,
flat,n.⼀套房间；公寓；平坦部分 adj.⽔平的 ；平坦的；扁平的；平淡⽆味的；（轮胎 ）瘪了的,/flæt/,,,
flu,n.流感；流⾏性感冒,/fluː/,,,
foolish,adj.愚蠢的；傻的,/ˈfuːlɪʃ/,,,
full,adj.满的；饱的；（有）⼤量的，丰富的 ；完全的;忙的；完整的；满是的；充满的 adv.完全地 n.完全；完整,/fʊl/,full,,
gate,n.⻔；⼤⻔,/ɡeɪt/,,,
ground,n.地⾯；⼟地；场地；根据 v.磨碎 ；grind的过去式和过去分词,/ɡraʊnd/,,,
group,n.组，群，团体，团，批，族 v.聚合，成 群,/ɡruːp/,,,
grow,v.⽣⻓；栽种；种植；成⻓；⻓⼤；⻓⾼ ；增⻓；发育；变成,/ɡrəʊ/,grow,,
hardly,adv.⼏乎不；⼏乎没有,/ˈhɑːdli/,hard-ly,hard|艰难 + -ly|副词后缀,艰难地 → 几乎不
hero,n.男主⼈公；英雄；偶像；男主⻆,/ˈhɪərəʊ/,he-ro,,
hit,v.使（某⼈）突然意识到；打；击；打击 ；碰撞；撞击；袭击；抨击；达到 n.打 ；击；碰撞；袭击；（演出等）成功,/hɪt/,hit,,
hole,n.洞，孔；坑；⽳,/həʊl/,,,
honey,n.蜂蜜；甜蜜；宝⻉；（爱称）亲爱的,/ˈhʌni/,,,
however,adv.然⽽；⽆论如何；不过；不论到什么 程度,/haʊˈevə(r)/,how-ev-er,,
jeans,n.（⽤复数）⽜仔裤,/dʒiːnz/,,,
jeep,n.吉普⻋,/dʒiːp/,,,
joke,n.笑话，玩笑 v.开玩笑；说笑话,/dʒəʊk/,,,
king,n.国王，君主 vt.⽴为王 vi.做国王，统治,/kɪŋ/,king,,
lady,n.⼥⼠；；淑⼥；⼥⼦；夫⼈；⼩姐,/ˈleɪdi/,la-dy,,
lamb,n.羔⽺；⼩⽺；羔⽺⾁,/læm/,,,
lantern,n.灯笼；提灯,/ˈlæntən/,,,
large,adj.巨⼤的，⼤的，⼤量的；⼤号的；⼴ 泛的，众多的；⼤型号的,/lɑːdʒ/,,,
life,n.⽣活；⽣命；⼈⽣；个⼈⽣活,/laɪf/,,,
list,"n.名单,清单；⽬录，列表，序列 v.列表 /lɪst/ ，列清单；列出，列于表上",,,,
litter,v.乱扔；乱丢杂物 n.垃圾；杂物；废弃物,/ˈlɪtə(r)/,,,
lucky,adj.运⽓好的，幸运的，带来好运的,/ˈlʌki/,luck-y,luck|运气 + -y|...的,有运气的 → 幸运的
magic,n.魔术；魔法；魔⼒ adj.有魔⼒的；神奇 的；魔术（似）的；有神奇⼒量的,/ˈmædʒɪk/,mag-ic,,
mango,n.芒果,/ˈmæŋɡəʊ/,,,
match,n.⽕柴；⽐赛，竞赛 v.配对；将......配对 ;找相称；般配；相配,/mætʃ/,match,,
member,n.成员；分⼦；会员,/ˈmembə(r)/,mem-ber,,
menu,n.菜单,/ˈmenjuː/,,,
mess,n.脏乱；混乱；杂乱；不整洁 v.弄糟；弄 乱,/mes/,,,
middle,adj.中间的，中等的；中期，中的 n.中间 ；中部；中⼼,/ˈmɪd(ə)l/,,,
mirror,n.镜⼦ v.反射；反映,/ˈmɪrə(r)/,mir-ror,,
model,n.模型；模特；模范；典型；型号 v.将 ......做成模型；当模特,/ˈmɒdl/,mod-el,,
monster,n.怪物，怪兽；妖怪；庞然⼤物,/ˈmɒnstə(r)/,,,
mooncake,n.⽉饼,/ˈmuːnkeɪk/,,,
most,pron.最多，⼤多数；⼤部分；⼏乎所有 adj.最多的；⼤多数的 adv.最多，最⼤ ；⼤多数,/məʊst/,,,
mushroom,n.蘑菇；伞菌 v.迅速增⻓,/ˈmʌʃruːm/,,,
neck,n.颈；脖⼦,/nek/,neck,,
neighbour,n.(neighbor)邻居，邻⼈,/ˈneɪbə(r)/,neigh-bour,,
net,n.⽹；⽹状物；展开图 adj.净余的；纯粹 的,/net/,,,
news,n.消息，新闻；⾳信,/njuːz/,news,,
noisy,adj.吵闹的，噪杂的,/ˈnɔɪzi/,nois-y,noise|噪音 + -y|...的,有噪音的 → 吵闹的
number,n.号码；数字；数；数量,/ˈnʌmbə(r)/,,,
oil,n.油；⽯油；燃油；原油；⻝⽤油；植物 油，动物油，油类 vt.给(机器等)加油，上 油，涂油,/ɔɪl/,,,
own,adj./pron.⾃⼰的，本⼈的；特有的 v.拥 有；有；承认,/əʊn/,own,,
pack,v.打包，收拾；包装；装箱；收拾⾏李 ；塞满 n.包裹；⼩包；⼀群；（纸牌的 ）⼀副,/pæk/,,,
painting,n.绘画作品；绘画；油画；画作 v.刷油漆 ；⽤颜料画；paint的现在分词,/ˈpeɪntɪŋ/,,,
pair,n.⼀双；⼀对 v.（使）成对；（使）配对,/peə(r)/,,,
parrot,n.鹦鹉；学⾆者 v.鹦鹉学⾆地说；机械地 模仿,/ˈpærət/,,,
part,v.分离；离开；分开 n.部分，部位；局部 ；零件；⻆⾊,/pɑːt/,,,
path,n.道路；⼩路，⼩径；成功的途径,/pɑːθ/,path,,
pianist,n.钢琴家；钢琴弹奏者,/ˈpɪənɪst/,pi-an-ist,piano|钢琴 + -ist|...者,弹钢琴的人 → 钢琴家
plan,n.计划；打算 v.计划；打算,/plæn/,plan,,
plastic,n.塑料；塑胶 adj.塑料的；塑料制的；可 塑的；不⾃然的,/ˈplæstɪk/,plas-tic,plast-|塑造 + -ic|...的,可塑造的 → 塑料
playtime,n.游戏时间，课间休息时间,/ˈpleɪtaɪm/,play-time,play|玩 + time|时间,玩的时间 → 游戏时间
plus,prep.加；加上 conj.加；和；并且 adj.正 的；加的；超过的 n.加号；正数；优势,/plʌs/,plus,,
pocket,n.⼝袋；⾐袋；兜 v.把......放进⾐袋 adj.袖珍的；⼩型的,/ˈpɒkɪt/,pock-et,pock-|小袋 + -et|小,小袋子 → 口袋
postcard,"n.明信⽚,⻛景明信⽚",/ˈpəʊstkɑːd/,post-card,post|邮寄 + card|卡片,邮寄的卡片 → 明信片
poster,"n.招贴画；海报，招贴，(布告,标语,海报 等的)张贴者",/ˈpəʊstə(r)/,post-er,post|张贴 + -er|...物,张贴的东西 → 海报
practice,n.练习；训练；实践；惯常做法 v.训练 ；练习；从事；习惯做,/ˈpræktɪs/,prac-tice,pract-|实行 + -ice|名词后缀,实行 → 练习
prepare,v.把......预备好；预备（饭菜）；准备 ；使做好准备,/prɪˈpeə(r)/,pre-pare,pre-|预先 + pare|准备,预先准备 → 准备
prince,n.王⼦；(⼩附属国)君主，诸侯,/prɪns/,prince,,
programme,n.（电视或⼴播的）节⽬；计划，⽅案 ；程序 v.安排；计划；编程,/ˈprəʊɡræm/,pro-gramme,pro-|向前 + gramme|写,预先写好的 → 节目
protect,v.保护；防护,/prəˈtekt/,pro-tect,pro-|向前 + tect|覆盖,向前覆盖 → 保护
push,v.鞭策；督促；推动；推；按；挤；逼迫 n.推；奋⼒；决⼼,/pʊʃ/,push,,
queen,n.王后；⼥王；Q(牌）,/kwiːn/,queen,,
reach,v.伸；伸⼿；够得着；实现；达到；抵达 n.伸⼿可及的距离,/riːtʃ/,reach,,
relax,v.放松；休息,/rɪˈlæks/,re-lax,re-|回 + lax|松弛,回到松弛 → 放松
remember,v.纪念；记得，记住；记起，回想起,/rɪˈmembə(r)/,re-mem-ber,re-|再 + member|成员/记忆,再次记起 → 记住
reuse,n.回⽤；重新利⽤；重复使⽤；再次使⽤ v.再使⽤；重新利⽤；重复使⽤,/ˌriːˈjuːz/,reuse,re-|再 + use|使用,再使用 → 重复使用
rich,adj.丰富的；富有的；富含......的；丰富 多彩的；富裕的；丰饶的；圆润的；油腻 的,/rɪtʃ/,rich,,
riddle,n.谜；谜语；费解的事 v.解谜；出谜；使 布满窟窿；打洞,/ˈrɪdl/,rid-dle,源自古英语rǣdels|谜,需要猜测的 → 谜语
ring,v.回响；环绕；(电话)响铃；给......打电 话 n.（铃）响；环；环形物，圈形的东西 ；戒指；铃声,/rɪŋ/,ring,,
road,n.路，道路，公路,/rəʊd/,road,,
rubber,n.橡胶；橡⽪；橡⽪擦,/ˈrʌbə(r)/,rub-ber,rub|擦 + -ber|...物,用来擦的东西 → 橡皮
rubbish,n.垃圾;废弃物,/ˈrʌbɪʃ/,rub-bish,源自古法语robe|碎物 + -ish,碎碎的东西 → 垃圾
safety,n.安全；安全性；平安；安全处所,/ˈseɪfti/,safe-ty,safe|安全 + -ty|名词后缀,安全的状态 → 安全
salty,adj.含盐的；咸的,/ˈsɔːlti/,salt-y,salt|盐 + -y|...的,有盐的 → 咸的
same,adj.相同的，同⼀个的；同样的 pron.(和 ...)同样的事物,/seɪm/,same,,
save,v.救助；拯救；储蓄；保存；节省，节约 prep.除......之外；除了 conj.若不是；除 了,/seɪv/,save,,
schedule,n.⼯作计划；⽇程安排 vt.安排；预定,/ˈʃedjuːl/,sched-ule,源自拉丁语schedula|小纸片,安排在纸上的 → 日程
scissors,n.（pl.）剪⼑,/ˈsɪzəz/,scis-sors,源自拉丁语caedere|切,切割工具 → 剪刀
seed,n.种⼦；籽 v.播种；结籽,/siːd/,seed,,
seek,vi./vt.寻找；寻求；争取；向(⼈)请求,/siːk/,seek,,
several,pron./det.⼏个；数个；⼀些 adj.⼏个 ；不同的；各⾃的,/ˈsevrəl/,sev-er-al,,
sharp,"adj.锋利的，尖的；急转弯的; n.⾼调,内 ⾏,骗⼦",/ʃɑːp/,sharp,,
shelf,n.（pl.shelves）架⼦；隔板,/ʃelf/,shelf,,
shine,v.发光，发亮；照耀；表现突出，出众 n.光亮,/ʃaɪn/,shine,,
side,n.⼀⾯；⼀边；⼀侧；⼀⽅(的意⻅态度⽴ 场),/saɪd/,side,,
sign,n.标志，标记；标识；⼿势；信号；符号 ；告⽰牌；招牌；迹象，预兆 v.签名；做 标记,/saɪn/,sign,,
silence,n.沉默，缄默，⽆声,/ˈsaɪləns/,si-lence,sil-|安静 + -ence|名词后缀,安静的状态 → 沉默
someone,"pron.有⼈,某⼈",/ˈsʌmwʌn/,some-one,some|某 + one|一个,某一个人
singer,n.歌⼿，歌唱家,/ˈsɪŋə(r)/,sing-er,sing|唱 + -er|...者,唱歌的人 → 歌手
skin,"n.⽪,⽪肤,兽⽪,⽪⽑,外⽪,外壳 v.⻓⽪",/skɪn/,skin,,
son,⼉⼦,/sʌn/,son,,
sore,adj.（发炎）疼痛的；酸痛的；痛⼼的 ；惹⼈恼怒的 n.痛处；伤处,/sɔː(r)/,sore,,
sour,adj.酸的；有酸味的；不友好的；坏脾⽓ 的 v.（使）变酸,/ˈsaʊə(r)/,sour,,
sky,n.天，天空,/skaɪ/,sky,,
sled,n.雪橇 v.乘雪橇,/sled/,sled,,
sleepy,adj.想睡的，困倦的，瞌睡的,/ˈsliːpi/,sleep-y,sleep|睡觉 + -y|...的,想睡觉的 → 困倦的
slipper,n.拖鞋,/ˈslɪpə(r)/,slip-per,slip|滑 + -per|...物,容易滑的鞋 → 拖鞋
smell,v.闻到（⽓味）；发出⽓味；发臭；有⽓ 味；闻起来；嗅；散发⽓味 n.闻；⽓味 ；臭味；嗅觉,/smel/,smell,,
smoke,v.吸烟；冒烟 n.烟；烟雾,/sməʊk/,smoke,,
soft,adj.柔和的，柔软的，软的；温和的，温 柔的 n.软件,/sɒft/,soft,,
soil,n.泥⼟；⼟壤；国⼟；领⼟,/sɔɪl/,soil,,
spell,v.拼写；招致；意味着；顶替 n.⼀段时间 ；咒语；魅⼒,/spel/,spell,,
suggest,v.建议；提议；提出；使想起；暗⽰,/səˈdʒest/,sug-gest,sug-|在下面 + gest|带来,在下面带出 → 建议
stream,n.⼩河；溪流；（⻋）流；（⼈）流 v.流 动；流出,/striːm/,stream,源自古英语strēam|流,水流 → 小河
stuck,adj.卡住的；动不了的；受困的 v.粘贴 ；刺；戳；stick的过去式和过去分词,/stʌk/,stuck,,
summary,n.总结；概括；概要,/ˈsʌməri/,sum-ma-ry,summ-|最高/总 + -ary|名词后缀,总结到最高点 → 总结
surprise,n.意想不到的事，令⼈惊喜的事情（或消 息等）；惊奇；惊讶；惊喜；意外 v.使感 到意外；使吃惊；使惊奇,/səˈpraɪz/,sur-prise,sur-|超过 + prise|抓住,出其不意地抓住 → 惊喜
swing,"n.秋千；vt.vi.（swung,swung)（使）摆 动；摇摆；转弯；（使）突然转向",/swɪŋ/,swing,,
temple,n.庙宇，寺院；太阳⽳,/ˈtemp(ə)l/,tem-ple,templ-|神圣之地,神圣之地 → 庙宇
then,adv.然后；接下来；那时 adj.当时的；那 时的,/ðen/,then,,
through,prep.凭借；以；从⼀端⾄另⼀端；通过 ；穿过；贯穿；凭借 adv.彻底；从头到尾 地 adj.全程的；直通的,/θruː/,through,,
throw,v.投掷；扔；抛；丢；投 n.扔；抛；摔 ；投,/θrəʊ/,throw,,
tip,n.指点；实⽤的提⽰；⼩费；建议；窍⻔ ；尖端 v.（使）倾斜；倒出；给⼩费,/tɪp/,tip,,
toothbrush,n.⽛刷,/ˈtuːθbrʌʃ/,tooth-brush,tooth|牙齿 + brush|刷子,刷牙的工具 → 牙刷
tourist,n.游客，旅⾏者，观光者,/ˈtʊərɪst/,tour-ist,tour|旅行 + -ist|...者,旅行者 → 游客
traveller,n.旅游（⾏）者；游客；（尤指结队⽽⾏ 的）漂泊者,/ˈtrævələ(r)/,trav-el-ler,travel|旅行 + -ler|...者,旅行者
trunk,n.象⿐；树⼲；躯⼲ adj.双胞胎之⼀的；孪⽣之⼀的 n.孪⽣之,/trʌŋk/,trunk,源自拉丁语truncus|树干,主干 → 树干/象鼻
twin,twɪn/ ⼀；双胞胎之⼀,,twin,,
understand,v.明⽩，理解；领会；了解，认识到,/ˌʌndəˈstænd/,un-der-stand,under|在...下 + stand|站立,站在下面理解 → 明白
visitor,n.参观者，游客，来访者，访问者,/ˈvɪzɪtə(r)/,vis-i-tor,visit|访问 + -or|...者,访问的人 → 访客
voice,n.声⾳；说话声；嗓⾳；发⽣能⼒；呼声 ；意⻅ v.表达；发嗓⾳,/vɔɪs/,voice,,
waste,n.废料，废品；（⾦钱技能等的）浪费 ；垃圾；废物 v.浪费；滥⽤；⽩费；糟蹋 adj.荒芜的；废弃的；丢弃的；浪费的 废 ⽯,/weɪst/,waste,,
washroom,n.卫⽣间；洗⼿间；厕所,/ˈwɒʃruːm/,wash-room,wash|洗 + room|房间,洗涤的房间 → 卫生间
weak,adj.虚弱的，⽆⼒的；弱的，软弱的,/wiːk/,weak,,
welcome,n.欢迎 adj.受欢迎的 v.欢迎 int.欢迎,/ˈwelkəm/,wel-come,,
wheel,n.轮，⻋轮，轮⼦,/wiːl/,wheel,,
wind,"n.⻛；⽓流 v.蜿蜒,迂回,上发条;缠绕",/wɪnd/,wind,,
wing,n.翅膀，翼,/wɪŋ/,wing,,
winner,"n.获胜者,胜利者,优胜者,成功者；获胜的 事物",/ˈwɪnə(r)/,win-ner,win|赢 + -ner|...者,赢的人 → 获胜者
wood,"n.⽊，⽊头,⽊材；⽊料 n.(pl.)树⽊，森 林；（⼩）树林；林地",/wʊd/,wood,,